datetime,000651.SZ,002294.SZ,002572.SZ,300376.SZ,300498.SZ,601318.SH,cash,commission,total,returns,equity_curve,drawdown
2017-03-01,0.0,0.0,0.0,0.0,0.0,0.0,100000.0,0.0,100000.0,,,
2017-03-01,0.0,0.0,0.0,0.0,0.0,0.0,100000.0,0.0,100000.0,0.0,1.0,0.0
2017-03-02,0.0,0.0,0.0,0.0,0.0,0.0,100000.0,0.0,100000.0,0.0,1.0,0.0
2017-03-03,0.0,0.0,0.0,0.0,0.0,0.0,100000.0,0.0,100000.0,0.0,1.0,0.0
2017-03-06,0.0,0.0,0.0,0.0,0.0,0.0,100000.0,0.0,100000.0,0.0,1.0,0.0
2017-03-07,0.0,0.0,0.0,0.0,0.0,0.0,100000.0,0.0,100000.0,0.0,1.0,0.0
2017-03-08,0.0,0.0,0.0,0.0,0.0,0.0,100000.0,0.0,100000.0,0.0,1.0,0.0
2017-03-09,0.0,0.0,0.0,0.0,0.0,0.0,100000.0,0.0,100000.0,0.0,1.0,0.0
2017-03-10,0.0,0.0,0.0,0.0,0.0,0.0,100000.0,0.0,100000.0,0.0,1.0,0.0
2017-03-13,0.0,0.0,0.0,0.0,0.0,0.0,100000.0,0.0,100000.0,0.0,1.0,0.0
2017-03-14,0.0,0.0,0.0,0.0,0.0,0.0,100000.0,0.0,100000.0,0.0,1.0,0.0
2017-03-15,0.0,0.0,0.0,0.0,0.0,0.0,100000.0,0.0,100000.0,0.0,1.0,0.0
2017-03-16,16439.248204611566,0.0,16234.049177137287,16775.711912884286,0.0,0.0,50586.31891910726,10.879000000000001,100035.3282137404,0.0003532821374039319,1.000353282137404,0.0
2017-03-17,16203.032647159504,8255.698016691105,16414.83154877389,17457.745256414513,0.0,0.0,42239.41028893761,14.662,100570.71775797661,0.005352004674711308,1.0057071775797661,0.0
2017-03-20,16456.124017108134,8305.240460489267,16005.06810882185,17273.478755233056,0.0,0.0,42239.41028893761,14.662,100279.32163058991,-0.0028974251539891638,1.002793216305899,0.002913961273867116
2017-03-21,17063.519554579594,8366.433472202152,16152.106669537596,16374.186904278113,0.0,0.0,42239.41028893761,14.662,100195.65688953506,-0.0008343169827479402,1.0019565688953507,0.0037506086844154574
2017-03-22,17153.512556710448,8450.942816704865,16704.08876286237,17210.220139236746,0.0,0.0,42239.41028893761,14.662,101758.17456445204,0.015594664713258322,1.0175817456445204,0.0
2017-03-23,17547.202823399508,8532.53666960015,16222.008761166164,15727.903878644283,0.0,7044.363038547693,35302.33326589869,17.171,100376.34843725649,-0.013579509784939492,1.003763484372565,0.013818261271955512
2017-03-24,17738.41469256609,8497.570334328128,16234.061713675708,15535.394335169676,0.0,7040.509771965608,35302.33326589869,17.171,100348.28411360389,-0.0002795910001660573,1.003482841136039,0.014098904508481391
2017-03-27,17271.61057151652,8462.602832402368,16038.81465344533,15480.399039223175,0.0,7077.106341760285,35302.33326589869,17.171,99632.86670424636,-0.007129343721987369,0.9963286670424638,0.021253078602056608
2017-03-28,17322.233662101637,8430.546492873227,16246.116332841113,0.0,0.0,7075.181368835327,50779.48230512187,20.421,99853.56016177317,0.00221506682309891,0.9985356016177319,0.019046144026788503
2017-03-29,17547.19751067135,8410.144570360475,16224.42776753677,0.0,0.0,7084.810690678311,50779.48230512187,20.421,100046.06284436877,0.001927849966327999,1.0004606284436879,0.017121117200832536
2017-03-30,17277.233876969673,8302.318106823885,0.0,0.0,0.0,7079.029485154718,67000.77707265865,23.554,99659.35854160693,-0.0038652625777328975,0.9965935854160693,0.02098816022845107
2017-03-31,17828.39491487888,8319.802788756853,0.0,0.0,0.0,7129.113618762188,67000.77707265865,23.554,100278.08839505658,0.006208447079170565,1.0027808839505659,0.014800861693954559
2017-04-05,17693.416136978332,0.0,11005.03311961503,0.0,0.0,7146.451623083019,64288.87798383848,29.417,100133.77886351486,-0.0014390933637784542,1.0013377886351487,0.016243957009371757
2017-04-06,17997.12362496957,0.0,10867.415180454243,0.0,0.0,7119.480914657503,64288.87798383848,29.417,100272.89770391979,0.0013893297744664856,1.0027289770391978,0.014852768605322586
2017-04-07,17890.256704884498,0.0,10905.820625701966,9902.916301719479,0.0,7050.137170548739,53688.67506380445,31.51,99437.80586665912,-0.008328190930778523,0.9943780586665911,0.023203686977929294
2017-04-10,17727.151234506066,0.0,10933.019742342467,0.0,0.0,7021.24570842383,63589.49836552393,33.603,99270.91505079629,-0.001678343708494734,0.9927091505079628,0.024872595136557596
2017-04-11,17339.086166831494,0.0,10817.79664727792,0.0,0.0,6971.163162785643,63589.49836552393,33.603,98717.54434241899,-0.0055743488220507675,0.9871754434241897,0.030406302220330694
2017-04-12,17327.83309990922,10428.41859445279,10700.975261283967,0.0,0.0,0.0,60071.46679299089,40.753,98528.69374863686,-0.0019130398252925618,0.9852869374863684,0.032294808158152
2017-04-13,17575.291884409024,10453.446799079476,0.0,0.0,0.0,0.0,70770.36205427485,42.833,98799.10073776337,0.0027444491430725915,0.9879910073776335,0.029590738266886962
2017-04-14,0.0,10435.571405053051,0.0,0.0,0.0,0.0,88341.15793868387,47.329,98776.72934373692,-0.00022643317458748147,0.987767293437369,0.0298144522071514
2017-04-17,0.0,10367.64627077756,0.0,0.0,0.0,0.0,88341.15793868387,47.329,98708.80420946144,-0.0006876633264411014,0.9870880420946142,0.030493703549906215
2017-04-18,0.0,10510.647215790395,0.0,0.0,0.0,0.0,88341.15793868387,47.329,98851.80515447426,0.0014487151998050507,0.9885180515447425,0.029063694099777937
2017-04-19,0.0,10442.716902834742,14442.49473323971,0.0,0.0,0.0,73777.88377527041,49.89,98663.09541134487,-0.0019090166622096616,0.9866309541134486,0.03095079153107183
2017-04-20,12094.116270608043,10696.548022591947,14537.064188752964,0.0,0.0,0.0,61609.4209493533,54.648,98937.14943130626,0.0027776750650159165,0.9893714943130624,0.028210251331458047
2017-04-21,12053.830769310647,10682.246737885742,14546.920318272938,0.0,0.0,0.0,61609.4209493533,54.648,98892.41877482262,-0.00045211183807847277,0.9889241877482261,0.028657557896294317
2017-04-24,11907.328510140445,10667.943209503712,14312.234852778241,0.0,0.0,0.0,61609.4209493533,54.648,98496.9275217757,-0.003999206996316507,0.9849692752177568,0.03261247042676363
2017-04-25,12394.457319490291,10517.791908829948,0.0,0.0,0.0,0.0,75919.09480213154,57.209,98831.34403045179,0.0033951973639194666,0.9883134403045177,0.029268305340002687
2017-04-26,12244.286074607346,10560.693982026065,0.0,0.0,0.0,0.0,75919.09480213154,57.209,98724.07485876494,-0.0010853760286189118,0.9872407485876493,0.0303409970568711
2017-04-27,12299.226186224108,10564.274057285973,0.0,0.0,0.0,0.0,75919.09480213154,57.209,98782.59504564163,0.000592765107805926,0.9878259504564163,0.029755795188104117
2017-04-28,12086.793951535647,10610.746298863975,0.0,0.0,0.0,12540.46806282231,63420.57732131721,61.512,98658.58563453914,-0.0012553771344556708,0.9865858563453914,0.030995889299128998
2017-05-02,12075.8070558337,10732.303008463758,0.0,0.0,0.0,12523.952266383572,63420.57732131721,61.512,98752.63965199824,0.0009533282567775192,0.9875263965199825,0.03005534912453789
2017-05-03,11958.599272549778,0.0,0.0,0.0,0.0,12553.684129063968,74148.23932978096,66.153,98660.52273139471,-0.0009328046412545588,0.9866052273139473,0.030976518330573133
2017-05-04,11962.258603927177,12179.69510697302,0.0,0.0,0.0,12494.217327344591,61922.386929505825,71.45700000000001,98558.55796775062,-0.0010334910136416964,0.9855855796775064,0.031996165967014045
2017-05-05,0.0,12061.21103297239,0.0,0.0,0.0,12309.2154513786,73879.88753343301,76.215,98250.31401778401,-0.0031275209004931748,0.9825031401778402,0.03507860546668018
2017-05-08,0.0,12004.004709043,0.0,0.0,0.0,12484.30173195901,73879.88753343301,76.215,98368.19397443502,0.0011997921617805662,0.9836819397443504,0.033899805900170055
2017-05-09,0.0,12048.947702673657,0.0,0.0,0.0,12550.36865672454,73879.88753343301,76.215,98479.20389283121,0.001128514349109988,0.9847920389283122,0.03278970671620818
2017-05-10,0.0,0.0,0.0,0.0,0.0,13161.533959201053,85923.53123610666,81.519,99085.06519530772,0.006152175063639076,0.9908506519530773,0.02673109369144311
2017-05-11,0.0,0.0,0.0,0.0,0.0,13138.409144034737,85923.53123610666,81.519,99061.9403801414,-0.00023338345815016037,0.9906194038014141,0.026962341843106308
2017-05-12,0.0,0.0,0.0,0.0,0.0,13528.238881747391,85923.53123610666,81.519,99451.77011785406,0.003935212011966671,0.9945177011785407,0.02306404446597976
2017-05-15,0.0,0.0,0.0,0.0,0.0,13511.720902072777,85923.53123610666,81.519,99435.25213817944,-0.00016609035369652414,0.9943525213817944,0.023229224262726
2017-05-16,0.0,0.0,0.0,0.0,0.0,13574.482845662906,85923.53123610666,81.519,99498.01408176956,0.0006311840342387853,0.9949801408176957,0.022601604826824717
2017-05-17,13869.418507820876,14135.90893811679,0.0,0.0,0.0,13353.137328381525,57596.25638940581,92.881,98954.721163725,-0.0054603393148939805,0.9895472116372501,0.028034534007270295
2017-05-18,13751.45910341186,14135.90893811679,0.0,0.0,0.0,13419.208651882356,57596.25638940581,92.881,98902.83308281683,-0.0005243618525520022,0.9890283308281683,0.028553414816352096
2017-05-19,13945.258416556242,14205.584833272767,0.0,0.0,0.0,13548.046474149078,57596.25638940581,92.881,99295.14611338389,0.003966651089140738,0.9929514611338389,0.0246302845106815
2017-05-22,14248.595677633173,14372.812977930053,0.0,0.0,0.0,14152.600951965034,57596.25638940581,92.881,100370.26599693407,0.010827517009970755,1.0037026599693408,0.013879085675179592
2017-05-23,14320.223368104635,14493.587725383599,0.0,0.0,0.0,14261.61843709802,57596.25638940581,92.881,100671.68591999206,0.003003079847045509,1.0067168591999207,0.010864886444599708
2017-05-24,14219.108270902447,14335.651099940093,0.0,0.0,0.0,14215.368008506512,57596.25638940581,92.881,100366.38376875487,-0.0030326516184483454,1.0036638376875489,0.013917907956971565
2017-05-25,14151.695478590098,14145.187639426287,0.0,0.0,0.0,15028.04638218482,57596.25638940581,92.881,100921.18588960703,0.005527768362467267,1.0092118588960706,0.00836988674844985
2017-05-26,14353.92320697915,14693.341950829334,0.0,0.0,0.0,14925.630246090232,57596.25638940581,92.881,101569.15179330453,0.006420514166433522,1.0156915179330455,0.0018902277114749566
2017-05-31,14358.143260402001,14679.412662659948,0.0,0.0,0.0,14889.286336441002,57596.25638940581,92.881,101523.09864890875,-0.0004534166484868596,1.0152309864890878,0.0023507591554325913
2017-06-01,14311.795173957426,14902.392941005754,0.0,0.0,0.0,15186.610495293391,57596.25638940581,92.881,101997.05499966239,0.004668458282510501,1.019970549996624,0.0
2017-06-02,14113.77717593055,14307.787462659622,0.0,0.0,0.0,14852.9454761013,57596.25638940581,92.881,100870.76650409728,-0.011042362895368307,1.008707665040973,0.011262884955651087
2017-06-05,14016.871981840612,14553.995869317072,0.0,0.0,0.0,14757.143977780446,57596.25638940581,92.881,100924.26821834395,0.0005303986090410273,1.0092426821834397,0.010727867813184355
2017-06-06,14433.972041404244,14855.947621617795,0.0,0.0,0.0,15206.425226183972,57596.25638940581,92.881,102092.60127861182,0.011576334224591589,1.0209260127861184,0.0
2017-06-07,0.0,15190.414426370895,0.0,0.0,0.0,15189.911048388334,72024.75543081005,98.354,102405.08090556928,0.0030607470379238055,1.0240508090556928,0.0
2017-06-08,12442.812205322067,15153.258672683993,0.0,0.0,0.0,15731.70479566225,60143.84828468061,102.813,103471.62395834892,0.010414942728897758,1.0347162395834892,0.0
2017-06-09,12370.730994216636,15534.181289197924,0.0,0.0,0.0,15903.495012030882,60143.84828468061,102.813,103952.25558012605,0.004645057295810773,1.0395225558012604,0.0
2017-06-12,12895.905637114116,15418.047749879881,0.0,0.0,0.0,16164.47136517831,60143.84828468061,102.813,104622.27303685293,0.006445434521720861,1.0462227303685294,0.0
2017-06-13,12820.387213703178,15422.688582252595,0.0,0.0,0.0,0.0,76304.01664985891,107.116,104547.09244581468,-0.0007185906868203418,1.0454709244581468,0.0007518059103825969
2017-06-14,12504.595435855243,15171.838552462255,0.0,0.0,0.0,12250.840493732738,63730.618248888735,110.496,103657.89273093897,-0.008505255326316852,1.0365789273093897,0.0096438030591397
2017-06-15,12542.34680947609,15195.066637286076,0.0,0.0,0.0,0.0,75978.07874262147,113.87599999999999,103715.49218938363,0.0005556688152457134,1.0371549218938363,0.009067808474693129
2017-06-16,12353.559405299859,15064.996866870906,0.0,0.0,0.0,12631.204556266246,63483.99490142707,117.39899999999999,103533.75572986409,-0.0017522595292484011,1.035337557298641,0.010885173069888454
2017-06-19,12806.65090360804,15868.654189731,0.0,0.0,0.0,13134.292802537771,63483.99490142707,117.39899999999999,105293.59279730388,0.016997713016723592,1.0529359279730388,0.0
2017-06-20,12806.65090360804,15915.101740544342,0.0,0.0,0.0,13009.871646819332,63483.99490142707,117.39899999999999,105215.61919239878,-0.0007405351345091127,1.052156191923988,0.0007797360490509053
2017-06-21,13228.847763947286,16008.014104505637,0.0,0.0,0.0,0.0,76490.3435482464,120.92199999999998,105727.20541669932,0.004862265015663114,1.0572720541669933,0.0
2017-06-22,13256.310851905238,15710.71326655676,0.0,0.0,0.0,0.0,76490.3435482464,120.92199999999998,105457.3676667084,-0.0025522073427309833,1.0545736766670841,0.002698377499909199
2017-06-23,13733.431992087011,16114.855654625668,0.0,0.0,0.0,12753.310888350523,63882.46303971507,124.26299999999998,106484.06157477827,0.009735629959157333,1.064840615747783,0.0
2017-06-26,13949.678612234415,16732.699220424016,0.0,0.0,0.0,12753.310888350523,63882.46303971507,124.26299999999998,107318.15176072402,0.007833004992582993,1.0731815176072406,0.0
2017-06-27,14220.846414777638,16672.310908937507,0.0,0.0,0.0,12804.61745805436,63882.46303971507,124.26299999999998,107580.23782148458,0.0024421410214452433,1.075802378214846,0.0
2017-06-28,13853.564614423178,16607.27222408174,0.0,0.0,0.0,12468.598686720097,63882.46303971507,124.26299999999998,106811.89856494007,-0.007142011136092363,1.0681189856494009,0.007683392565445146
2017-06-29,13901.62263007061,16635.13922687375,0.0,0.0,0.0,12814.876609447687,63882.46303971507,124.26299999999998,107234.10150610711,0.003952770682288165,1.0723410150610713,0.0034613631537747658
2017-06-30,14131.597173239867,16565.454628652376,0.0,0.0,0.0,12725.095583921897,63882.46303971507,124.26299999999998,107304.61042552922,0.0006575232918615281,1.0730461042552923,0.00275627395955369
2017-07-03,13898.185582729464,16203.118439559861,0.0,0.0,0.0,12553.243168061032,63882.46303971507,124.26299999999998,106537.01023006541,-0.00715346891824864,1.0653701023006543,0.010432275914191713
2017-07-04,13685.37656508671,16063.755417861206,0.0,0.0,0.0,12291.608473952305,63882.46303971507,124.26299999999998,105923.20349661529,-0.005761441325644601,1.059232034966153,0.016570343248692998
2017-07-05,14113.15406575819,16453.960100716475,0.0,0.0,0.0,0.0,76170.73051366737,127.60399999999997,106737.84468014204,0.007690866180730449,1.0673784468014205,0.008423931413425567
2017-07-06,14091.589166345713,16105.563949543903,0.0,0.0,0.0,0.0,76170.73051366737,127.60399999999997,106367.88362955698,-0.0034660719606406376,1.0636788362955698,0.012123541919276226
2017-07-07,0.0,0.0,0.0,0.0,0.0,12473.263501786976,93788.17280896455,141.13699999999997,106261.43631075152,-0.0010007467966193229,1.0626143631075153,0.013188015107330697
2017-07-10,0.0,0.0,0.0,0.0,0.0,12502.60061754318,93788.17280896455,141.13699999999997,106290.77342650773,0.0002760843140725555,1.0629077342650775,0.01289464394976858
2017-07-11,0.0,0.0,0.0,0.0,0.0,12663.271538079225,93788.17280896455,141.13699999999997,106451.44434704377,0.0015116168163658017,1.0645144434704379,0.011287934744408146
2017-07-12,0.0,0.0,0.0,0.0,0.0,12510.020625925392,93788.17280896455,141.13699999999997,106298.19343488994,-0.0014396320603619062,1.0629819343488995,0.012820443865946496
2017-07-13,0.0,0.0,0.0,0.0,0.0,12762.147581620291,93788.17280896455,141.13699999999997,106550.32039058483,0.0023718837314889996,1.0655032039058483,0.010299174308997738
2017-07-14,15499.329125156668,0.0,0.0,0.0,0.0,13043.935800222469,78310.57595288122,145.81699999999998,106853.84087826037,0.002848611684722391,1.0685384087826035,0.007263969432242501
2017-07-17,15491.780951872717,0.0,0.0,0.0,0.0,13323.258641448434,78310.57595288122,145.81699999999998,107125.61554620237,0.0025434244170188247,1.0712561554620237,0.004546222752822349
2017-07-18,15178.630091711562,0.0,0.0,0.0,0.0,13216.965684006957,78310.57595288122,145.81699999999998,106706.17172859973,-0.003915439042884605,1.0670617172859973,0.008740660928848731
2017-07-19,15088.074384584412,0.0,0.0,0.0,0.0,13308.427086540285,78310.57595288122,145.81699999999998,106707.07742400591,8.48775090989129e-06,1.0670707742400591,0.008731603974786895
2017-07-20,15484.241953700444,12932.0346591281,13074.596442918208,0.0,0.0,13350.45509927958,52498.046431335024,152.60299999999998,107339.37458636136,0.005925541000837198,1.0733937458636138,0.0024086323512322316
2017-07-21,15359.733164150739,12625.62302991472,13094.221412179028,0.0,0.0,12843.725225531323,52498.046431335024,152.60299999999998,106421.34926311082,-0.008552549581998248,1.0642134926311084,0.011588885583737607
2017-07-24,0.0,12610.851050969719,13326.473617366846,0.0,0.0,13004.40022810272,67853.09959548576,157.283,106794.82449192506,0.003509401369182763,1.0679482449192508,0.007854133295595256
2017-07-25,0.0,12127.237524016082,13575.078982698826,0.0,0.0,12930.24913800208,67853.09959548576,157.283,106485.66524020274,-0.002894889833783054,1.0648566524020275,0.010945725812818496
2017-07-26,0.0,11854.047244312573,13104.037317078159,0.0,0.0,12826.432167673061,67853.09959548576,157.283,105637.61632454956,-0.007963972556683685,1.0563761632454958,0.019426214969350264
2017-07-27,10885.311254235474,0.0,12888.148302279296,0.0,0.0,0.0,81329.120895147,168.619,105102.58045166178,-0.005064823417105457,1.0510258045166179,0.024776573698228166
2017-07-28,0.0,0.0,13185.812975468738,0.0,0.0,0.0,92210.96114938248,172.09,105396.77412485122,0.0027991098974466944,1.0539677412485122,0.02183463696633381
2017-07-31,0.0,0.0,12904.493655637112,0.0,0.0,0.0,92210.96114938248,172.09,105115.45480501959,-0.002669145447453447,1.051154548050196,0.024647830164649998
2017-08-01,0.0,0.0,12878.323342503481,0.0,0.0,0.0,92210.96114938248,172.09,105089.28449188596,-0.00024896732057311244,1.0508928449188597,0.02490953329598633
2017-08-02,0.0,0.0,0.0,0.0,0.0,0.0,105087.17849188596,174.196,105087.17849188596,-2.0040102187257602e-05,1.0508717849188596,0.02493059329598646
2017-08-03,0.0,0.0,0.0,0.0,0.0,16978.64982592928,87745.06504185479,178.32999999999998,104723.71486778406,-0.0034586866763195445,1.0472371486778407,0.028565229537005354
2017-08-04,0.0,0.0,0.0,0.0,0.0,16664.222209802894,87745.06504185479,178.32999999999998,104409.28725165769,-0.0030024490300343265,1.044092872516577,0.031709505698269025
2017-08-07,0.0,0.0,0.0,0.0,0.0,16786.13765948981,87745.06504185479,178.32999999999998,104531.20270134459,0.0011676686327055652,1.0453120270134462,0.030490351201399868
2017-08-08,0.0,0.0,0.0,0.0,0.0,16827.851211573645,87745.06504185479,178.32999999999998,104572.91625342844,0.00039905359362446546,1.0457291625342848,0.030073215680561205
2017-08-09,0.0,0.0,0.0,0.0,0.0,16702.719309964385,87745.06504185479,178.32999999999998,104447.78435181917,-0.0011965995220599712,1.044477843518192,0.03132453469665397
2017-08-10,0.0,0.0,0.0,0.0,0.0,0.0,104443.65035181917,182.46399999999997,104443.65035181917,-3.957958539424489e-05,1.0444365035181922,0.03136587469665386
2017-08-11,0.0,0.0,0.0,0.0,0.0,0.0,104443.65035181917,182.46399999999997,104443.65035181917,0.0,1.0444365035181922,0.03136587469665386
2017-08-14,0.0,0.0,0.0,0.0,0.0,0.0,104443.65035181917,182.46399999999997,104443.65035181917,0.0,1.0444365035181922,0.03136587469665386
2017-08-15,17103.43364796762,0.0,0.0,0.0,0.0,0.0,87223.89230410235,187.96299999999997,104327.32595206998,-0.0011137527207959463,1.0432732595207002,0.032529118694145875
2017-08-16,16810.84520855184,0.0,0.0,0.0,0.0,0.0,87223.89230410235,187.96299999999997,104034.73751265419,-0.002804523520043123,1.0403473751265424,0.03545500308830363
2017-08-17,16881.77016448672,0.0,0.0,0.0,0.0,0.0,87223.89230410235,187.96299999999997,104105.66246858907,0.0006817430180592332,1.0410566246858912,0.034745753528954815
2017-08-18,0.0,0.0,0.0,0.0,0.0,0.0,104100.16346858907,193.46199999999996,104100.16346858907,-5.28213343020667e-05,1.0410016346858912,0.03480074352895479
2017-08-21,0.0,0.0,0.0,0.0,0.0,0.0,104100.16346858907,193.46199999999996,104100.16346858907,0.0,1.0410016346858912,0.03480074352895479
2017-08-22,0.0,0.0,0.0,0.0,0.0,17877.213391606027,86921.55497728713,197.63499999999996,104798.76836889316,0.006710891482076153,1.0479876836889321,0.027814694525913897
2017-08-23,0.0,0.0,0.0,0.0,0.0,17941.982535723815,86921.55497728713,197.63499999999996,104863.53751301095,0.0006180334475860416,1.04863537513011,0.027167003084735963
2017-08-24,0.0,0.0,0.0,0.0,0.0,17851.30375598827,86921.55497728713,197.63499999999996,104772.8587332754,-0.0008647312677612096,1.0477285873327546,0.028073790882091387
2017-08-25,0.0,0.0,0.0,0.0,0.0,18081.24639966915,86921.55497728713,197.63499999999996,105002.80137695628,0.002194677576434767,1.0500280137695635,0.025774364445282583
2017-08-28,0.0,0.0,0.0,0.0,0.0,18201.070819559754,86921.55497728713,197.63499999999996,105122.62579684689,0.0011411545055872718,1.0512262579684695,0.024576120246376565
2017-08-29,0.0,0.0,0.0,0.0,0.0,18479.583605240656,86921.55497728713,197.63499999999996,105401.13858252778,0.002649408569941336,1.0540113858252784,0.02179099238956761
2017-08-30,0.0,0.0,0.0,0.0,0.0,18269.064188809756,86921.55497728713,197.63499999999996,105190.61916609689,-0.00199731634081024,1.0519061916609695,0.023896186553876486
2017-08-31,0.0,0.0,0.0,0.0,0.0,18146.003772433935,86921.55497728713,197.63499999999996,105067.55874972107,-0.0011698801409421034,1.0506755874972113,0.025126790717634684
2017-09-01,0.0,0.0,0.0,0.0,14141.400013919509,18191.350635861247,72582.19053385041,204.08299999999997,104914.94118363118,-0.0014525660242419303,1.0491494118363125,0.026652966378533538
2017-09-04,0.0,0.0,0.0,0.0,13974.588059355314,18021.42522957167,72582.19053385041,204.08299999999997,104578.2038227774,-0.00320962254808288,1.0457820382277747,0.03002033998707132
2017-09-05,0.0,0.0,0.0,0.0,14110.504902820601,18393.946110492147,72582.19053385041,204.08299999999997,105086.64154716316,0.004861794387359897,1.0508664154716323,0.024935962743213747
2017-09-06,0.0,0.0,0.0,0.0,14042.548711208616,18103.119428539154,72582.19053385041,204.08299999999997,104727.85867359818,-0.0034141625261090436,1.0472785867359824,0.028523791478863636
2017-09-07,0.0,0.0,0.0,0.0,14005.476382611025,0.0,90681.13696238957,208.25599999999997,104686.6133450006,-0.00039383339944076834,1.0468661334500067,0.02893624476483936
2017-09-08,0.0,0.0,0.0,0.0,14135.209110343152,0.0,90681.13696238957,208.25599999999997,104816.34607273273,0.0012392484921122104,1.048163460727328,0.02763891748751801
2017-09-11,0.0,0.0,0.0,0.0,14116.677851199493,0.0,90681.13696238957,208.25599999999997,104797.81481358907,-0.00017679741603282562,1.0479781481358914,0.027824230078954626
2017-09-12,0.0,0.0,0.0,0.0,13974.579371949318,0.0,90681.13696238957,208.25599999999997,104655.7163343389,-0.0013559297920756608,1.0465571633433897,0.02924521487145637
2017-09-13,0.0,0.0,0.0,0.0,0.0,0.0,104649.26833433889,214.70399999999998,104649.26833433889,-6.161154140305047e-05,1.0464926833433896,0.029309694871456404
2017-09-14,0.0,0.0,0.0,0.0,0.0,0.0,104649.26833433889,214.70399999999998,104649.26833433889,0.0,1.0464926833433896,0.029309694871456404
2017-09-15,0.0,0.0,0.0,0.0,0.0,0.0,104649.26833433889,214.70399999999998,104649.26833433889,0.0,1.0464926833433896,0.029309694871456404
2017-09-18,0.0,0.0,0.0,0.0,0.0,0.0,104649.26833433889,214.70399999999998,104649.26833433889,0.0,1.0464926833433896,0.029309694871456404
2017-09-19,0.0,0.0,0.0,0.0,0.0,0.0,104649.26833433889,214.70399999999998,104649.26833433889,0.0,1.0464926833433896,0.029309694871456404
2017-09-20,0.0,0.0,0.0,0.0,0.0,0.0,104649.26833433889,214.70399999999998,104649.26833433889,0.0,1.0464926833433896,0.029309694871456404
2017-09-21,0.0,0.0,0.0,0.0,0.0,0.0,104649.26833433889,214.70399999999998,104649.26833433889,0.0,1.0464926833433896,0.029309694871456404
2017-09-22,0.0,0.0,0.0,0.0,0.0,0.0,104649.26833433889,214.70399999999998,104649.26833433889,0.0,1.0464926833433896,0.029309694871456404
2017-09-25,0.0,0.0,0.0,0.0,0.0,0.0,104649.26833433889,214.70399999999998,104649.26833433889,0.0,1.0464926833433896,0.029309694871456404
2017-09-26,0.0,0.0,0.0,0.0,0.0,0.0,104649.26833433889,214.70399999999998,104649.26833433889,0.0,1.0464926833433896,0.029309694871456404
2017-09-27,0.0,0.0,0.0,0.0,0.0,17023.869779561217,87414.88881840982,218.76,104438.75859797103,-0.0020115738955318596,1.044387585979711,0.0314147922351351
2017-09-28,0.0,0.0,0.0,0.0,0.0,17068.33612742543,87414.88881840982,218.76,104483.22494583525,0.00042576480667855243,1.044832249458353,0.030970128756492965
2017-09-29,0.0,0.0,0.0,0.0,0.0,17201.72517426126,87414.88881840982,218.76,104616.61399267107,0.001276655146364103,1.0461661399267113,0.029636238288134775
2017-10-09,0.0,0.0,0.0,0.0,0.0,17392.285885741723,87414.88881840982,218.76,104807.17470415155,0.0018215148073308374,1.048071747041516,0.027730631173330078
2017-10-10,0.0,0.0,0.0,0.0,0.0,17443.106145099864,87414.88881840982,218.76,104857.99496350969,0.0004848929426977122,1.0485799496350972,0.02722242857974888
2017-10-11,0.0,0.0,0.0,0.0,0.0,17566.96964183622,87414.88881840982,218.76,104981.85846024603,0.0011812499064038917,1.0498185846024606,0.025983793612385453
2017-10-12,0.0,0.0,0.0,0.0,14309.637993000992,18138.669101860134,73013.51818974702,222.784,105461.82528460813,0.004571902530605687,1.0546182528460815,0.021184125368764573
2017-10-13,11986.179680603134,0.0,0.0,0.0,14397.356073898087,18129.14630058166,60979.00011357521,226.476,105491.6821686581,0.00028310608098602863,1.054916821686581,0.02088555652826507
2017-10-16,11756.991938930321,0.0,0.0,0.0,14572.787857658534,18157.735964297673,60979.00011357521,226.476,105466.51587446175,-0.0002385618816477253,1.0546651587446176,0.021137219470228397
2017-10-17,12108.208559121987,0.0,0.0,0.0,14472.5416499857,18402.302510000798,60979.00011357521,226.476,105962.05283268368,0.004698524020759098,1.059620528326837,0.01618184988800908
2017-10-18,12260.009169827701,0.0,10083.457565340173,0.0,14315.905331707905,18732.623840055312,50965.965813781746,228.075,106357.96172071283,0.0037363270854549047,1.0635796172071286,0.012222761007717464
2017-10-19,12221.316580887724,8541.232613244025,10133.128677307039,0.0,14409.889250210565,18926.356635809167,42584.91385904482,231.31199999999998,106816.83761650334,0.004314448005269922,1.0681683761650336,0.0076340020498124606
2017-10-20,12054.630044040998,8505.4875547576,9931.955673676463,0.0,14334.712857992216,18745.326034587648,42584.91385904482,231.31199999999998,106157.02602409974,-0.006177037320393874,1.0615702602409975,0.01423211797384849
2017-10-23,12093.325406482369,8806.794451384887,10058.61790438286,0.0,14591.590912407435,19018.464180237628,42584.91385904482,231.31199999999998,107153.70671394,0.009388739748737773,1.0715370671394,0.004265311075446032
2017-10-24,12283.819468285279,9057.030708926537,10232.471056242213,0.0,14572.796943312254,19120.09885281682,42584.91385904482,231.31199999999998,107851.13088862791,0.006508633215552395,1.078511308886279,0.0
2017-10-25,12444.553246027792,9059.584791586452,10555.336215479825,0.0,14804.60642428952,19081.992495803155,42584.91385904482,231.31199999999998,108530.98703223157,0.006303653359979178,1.0853098703223156,0.0
2017-10-26,12763.034252700136,8990.64135132248,10031.295438389898,0.0,15199.312036167506,19498.056260181645,42584.91385904482,231.31199999999998,109067.25319780648,0.004941134142783188,1.0906725319780648,0.0
2017-10-27,13027.94379164918,8914.041087009215,9889.73379716334,0.0,15224.375701715146,20304.78833794666,42584.91385904482,231.31199999999998,109945.79657452837,0.00805506099185016,1.0994579657452836,0.0
2017-10-30,13021.990021336394,8847.64930899317,9686.074509078355,0.0,15719.320155777905,20346.067972637702,42584.91385904482,231.31199999999998,110206.01582686836,0.0023667958252828747,1.1020601582686835,0.0
2017-10-31,12664.809857041158,9008.517268729283,9661.239414037078,0.0,15850.890865481766,20441.348608953565,42584.91385904482,231.31199999999998,110211.71987328766,5.175803132440038e-05,1.1021171987328766,0.0
2017-11-01,12441.57991850095,9263.863690711416,0.0,0.0,16521.25674196472,20365.12281999078,52244.5542730819,232.91099999999997,110836.37744424977,0.005667796235103495,1.1083637744424977,0.0
2017-11-02,12578.499505504053,9276.629294877217,0.0,0.0,16439.806946226836,20371.47673831062,52244.5542730819,232.91099999999997,110910.96675800062,0.0006729678059749222,1.1091096675800063,0.0
2017-11-03,12450.513273035547,9447.708892333343,0.0,0.0,16314.502737682697,20469.932085386878,52244.5542730819,232.91099999999997,110927.21126152037,0.00014646435780507616,1.1092721126152039,0.0
2017-11-06,12956.514582964985,9751.566105728569,0.0,0.0,15932.335511052479,20330.183859039942,52244.5542730819,232.91099999999997,111215.15433186787,0.0025957839115657855,1.112151543318679,0.0
2017-11-07,0.0,9588.149360928768,0.0,0.0,15982.458638570251,20762.139275492962,65197.37685604689,236.60299999999998,111530.12413103889,0.0028320762675124733,1.1153012413103893,0.0
2017-11-08,0.0,9383.873838794181,0.0,0.0,15637.876830322675,20520.758644276077,65197.37685604689,236.60299999999998,110739.88616943982,-0.007085421698899919,1.1073988616943986,0.007902379615990718
2017-11-09,10772.773042108347,9715.818991967686,0.0,0.0,15850.89598850533,21067.041760145352,54473.26718168765,239.658,111879.79696441436,0.010293588285167576,1.118797969644144,0.0
2017-11-10,11248.110879818336,9907.327500118361,0.0,0.0,0.0,22197.730958454114,70320.13917019298,243.682,113673.30850858381,0.016030700741617387,1.1367330850858384,0.0
2017-11-13,11240.720870970295,9958.399773381472,0.0,0.0,0.0,22280.306517619563,70320.13917019298,243.682,113799.56633216432,0.0011107077398999632,1.1379956633216435,0.0
2017-11-14,11048.616951285412,9593.255128890894,0.0,0.0,0.0,22366.063417405883,70320.13917019298,243.682,113328.07466777516,-0.004143176284283401,1.133280746677752,0.004714916643891565
2017-11-15,11196.392203008854,9452.81946705906,0.0,0.0,0.0,21978.571368699326,70320.13917019298,243.682,112947.92220896023,-0.003354442047386441,1.1294792220896026,0.008516441232040872
2017-11-16,11294.909258003128,9774.555630439881,0.0,0.0,0.0,23188.667551117174,70320.13917019298,243.682,114578.27160975317,0.014434523175881786,1.145782716097532,0.0
2017-11-17,11317.069869967332,9473.254953131573,0.0,0.0,11673.024161307907,0.0,81923.34397782313,252.301,114386.69296222995,-0.001672032967783954,1.1438669296222999,0.0019157864752321618
2017-11-20,11285.053879305193,0.0,0.0,0.0,12044.634885483145,13564.539997116695,77905.37135111971,257.826,114799.60011302475,0.0036097481280548127,1.1479960011302477,0.0
2017-11-21,11772.714912591608,0.0,0.0,0.0,12035.890480556285,0.0,91467.6233482364,260.11400000000003,115276.22874138429,0.004151831782430282,1.152762287413843,0.0
2017-11-22,11664.347071821201,0.0,0.0,0.0,12132.069281386412,14901.245874701717,76373.44789493558,262.571,115071.11012284493,-0.0017793661432100594,1.1507111012284494,0.002051186185393572
2017-11-23,11085.562170117433,0.0,0.0,0.0,11585.580220606362,0.0,91272.2367696373,265.028,113943.3791603611,-0.009800296193196556,1.1394337916036112,0.013328495810231766
2017-11-24,11208.711680265269,0.0,0.0,0.0,11034.72063785719,15116.384361619599,76214.04488493723,267.615,113573.86156467929,-0.0032429931287342173,1.1357386156467932,0.017023671767049775
2017-11-27,10846.65908428102,0.0,0.0,0.0,10671.854884401893,0.0,91327.84224655683,270.202,112846.35621523975,-0.0064055702554872695,1.128463562152398,0.024298725261445053
2017-11-28,10836.810317832493,0.0,0.0,0.0,0.0,14881.590068591646,86943.14557428574,277.378,112661.54596070987,-0.0016377157466863634,1.1266154596070992,0.026146827806743822
2017-11-29,0.0,0.0,0.0,0.0,0.0,0.0,112655.87796070987,283.046,112655.87796070987,-5.030997889898803e-05,1.126558779607099,0.026203507806743964
2017-11-30,0.0,0.0,0.0,0.0,0.0,0.0,112655.87796070987,283.046,112655.87796070987,0.0,1.126558779607099,0.026203507806743964
2017-12-01,0.0,0.0,0.0,0.0,0.0,0.0,112655.87796070987,283.046,112655.87796070987,0.0,1.126558779607099,0.026203507806743964
2017-12-04,0.0,0.0,0.0,0.0,0.0,0.0,112655.87796070987,283.046,112655.87796070987,0.0,1.126558779607099,0.026203507806743964
2017-12-05,0.0,0.0,0.0,0.0,0.0,0.0,112655.87796070987,283.046,112655.87796070987,0.0,1.126558779607099,0.026203507806743964
2017-12-06,0.0,18960.568316659876,0.0,0.0,0.0,0.0,94074.58686493784,289.312,113035.15518159771,0.0033666882523442077,1.1303515518159775,0.02241073559786555
2017-12-07,0.0,18560.196956085285,0.0,0.0,0.0,0.0,94074.58686493784,289.312,112634.78382102313,-0.0035420074394675316,1.1263478382102317,0.026414449203611357
2017-12-08,0.0,18827.111148510747,0.0,0.0,15425.729339885545,0.0,78556.298129068,295.73400000000004,112809.1386174643,0.0015479658283734654,1.1280913861746433,0.024670901239199683
2017-12-11,0.0,20710.311768251682,0.0,0.0,15290.368564928049,0.0,78556.298129068,295.73400000000004,114556.97846224775,0.015493778839233752,1.145569784622478,0.007192502791365074
2017-12-12,0.0,20725.140351477752,0.0,11828.702742793364,14958.108856012163,12540.840324146855,52725.34814280084,302.35100000000006,112778.14041723097,-0.015527976286516587,1.1277814041723102,0.024980883241532803
2017-12-13,0.0,20700.43598417879,0.0,0.0,15044.252604913938,12701.099722649129,64549.6828855942,306.71900000000005,112995.47119733605,0.0019270647600770907,1.1299547119733608,0.022807575440482175
2017-12-14,10584.564371113744,20833.891694968792,0.0,0.0,0.0,12505.617096817836,68944.26571850249,316.14400000000006,112868.33888140286,-0.0011251098348107336,1.1286833888140289,0.024078898599814158
2017-12-15,10436.888529007965,20522.487515804092,0.0,0.0,0.0,12394.667261934868,68944.26571850249,316.14400000000006,112298.30902524941,-0.005050396433603943,1.1229830902524944,0.02977919716134858
2017-12-18,10640.251301995684,20562.03434924705,0.0,0.0,0.0,12445.733291054039,68944.26571850249,316.14400000000006,112592.28466079925,0.0026178099928801934,1.125922846607993,0.0268394408058501
2017-12-19,10792.768664158491,20833.885005378444,0.0,0.0,0.0,12958.21125077977,68944.26571850249,316.14400000000006,113529.13063881919,0.008320694271746198,1.1352913063881922,0.01747098102565081
2017-12-20,10768.560484044785,21402.31672386519,0.0,0.0,0.0,13021.615778429836,68944.26571850249,316.14400000000006,114136.7587048423,0.005352177565388194,1.1413675870484234,0.011394700365419563
2017-12-21,10908.98251275673,21777.970187002473,0.0,0.0,0.0,13192.446355827058,68944.26571850249,316.14400000000006,114823.66477408876,0.006018272089036492,1.1482366477408879,0.004525639672955162
2017-12-22,10911.40430687456,21407.265578479317,0.0,0.0,0.0,13035.706900673476,68944.26571850249,316.14400000000006,114298.64250452984,-0.004572422162207435,1.1429864250452986,0.009775862368544441
2017-12-25,10993.71994096562,21150.249947944092,0.0,0.0,0.0,13060.357422422652,68944.26571850249,316.14400000000006,114148.59302983484,-0.0013127843988964827,1.1414859302983487,0.011276357115494351
2017-12-26,10812.147662420633,21174.95343988329,0.0,0.0,0.0,13021.607341950323,68944.26571850249,316.14400000000006,113952.97416275674,-0.0017137212284953351,1.1395297416275676,0.013232545786275418
2017-12-27,10453.843901035676,21822.462341121485,0.0,0.0,0.0,12389.369240676608,68944.26571850249,316.14400000000006,113609.94120133626,-0.003010302837120671,1.1360994120133627,0.01666287540048028
2017-12-28,10589.419802588209,21674.178709513562,0.0,0.0,0.0,12431.641768525797,68944.26571850249,316.14400000000006,113639.50599913005,0.00026023072876513176,1.1363950599913006,0.016367227422542374
2017-12-29,10579.741072888643,22336.519936697587,0.0,0.0,0.0,0.0,81373.65848702828,318.3930000000001,114289.91949661452,0.005723480507645373,1.1428991949661453,0.009863092447697674
2018-01-02,0.0,21604.976572250805,0.0,0.0,0.0,0.0,91950.39655991693,321.3960000000001,113555.37313216773,-0.006427044201991361,1.1355537313216775,0.01720855609216554
2018-01-03,0.0,21560.491925488543,0.0,0.0,0.0,0.0,91950.39655991693,321.3960000000001,113510.88848540548,-0.00039174409396269816,1.135108884854055,0.01765340255978809
2018-01-04,0.0,21476.470688454912,0.0,0.0,0.0,0.0,91950.39655991693,321.3960000000001,113426.86724837184,-0.0007402042055589808,1.1342686724837185,0.01849361493012447
2018-01-05,15555.977548869532,21229.340940242862,0.0,0.0,0.0,0.0,76812.75303102523,325.42600000000004,113598.07152013763,0.0015093802369672282,1.1359807152013766,0.016781572212466456
2018-01-08,15539.737108308513,20557.11385937007,0.0,0.0,0.0,0.0,76812.75303102523,325.42600000000004,112909.60399870382,-0.006060556418088114,1.1290960399870384,0.023666247426804565
2018-01-09,16049.828978888743,0.0,0.0,0.0,0.0,0.0,97363.6008903953,331.69200000000006,113413.42986928405,0.004462205629434335,1.1341342986928407,0.018627988721002353
2018-01-10,16585.909316612608,0.0,15662.131707208213,0.0,0.0,0.0,81354.51551521049,334.3310000000001,113602.55653903131,0.0016675861929689173,1.1360255653903133,0.016736722023529715
2018-01-11,16504.688118689155,0.0,15764.609034968476,0.0,13479.606660056648,13533.9967887724,54572.686765962346,342.0270000000001,113855.58736844902,0.002227333936193343,1.1385558736844903,0.014206413729352718
2018-01-12,17316.9333350742,0.0,15592.45950430662,0.0,13698.66374788923,13861.8713949772,54572.686765962346,342.0270000000001,115042.6147482096,0.010425727952368513,1.150426147482096,0.002336139931746972
2018-01-15,17739.293339116663,0.0,15584.257870607355,0.0,13194.32004468319,14465.458861128694,54572.686765962346,342.0270000000001,115556.01688149825,0.004462712660106893,1.1555601688149824,0.0
2018-01-16,17664.575435572304,0.0,0.0,0.0,13739.416988689187,14495.272171841483,70154.3056365697,344.6660000000001,116053.57023267268,0.0043057329648585885,1.1605357023267266,0.0
2018-01-17,16907.56005528085,11227.133402331569,0.0,0.0,13719.041433294962,14407.720727923559,58602.305001333516,348.0070000000001,114863.76062016445,-0.010252244804901833,1.1486376062016443,0.011898096125082303
2018-01-18,16979.045219194577,10721.126499888485,0.0,0.0,13668.10263245314,14458.018080984739,58602.305001333516,348.0070000000001,114428.59743385446,-0.0037885159249574363,1.1442859743385445,0.01624972798818214
2018-01-19,16715.886997342277,10673.685515126477,0.0,0.0,13224.900736493213,14454.287912319844,58602.305001333516,348.0070000000001,113671.06616261533,-0.006620121964503012,1.136710661626153,0.023825040700573563
2018-01-22,18389.097138115252,0.0,0.0,0.0,0.0,14668.514913468336,82492.2332529532,356.66500000000013,115549.84530453678,0.016528209027561136,1.1554984530453674,0.005037249281359291
2018-01-23,18450.829337207906,0.0,0.0,0.0,13829.385495104501,14672.24071625636,68880.60543726823,361.95600000000013,115833.060985837,0.002451026053334804,1.1583306098583697,0.002205092468356984
2018-01-24,18119.433991482314,0.0,0.0,0.0,13839.522434672415,14240.040521477595,68880.60543726823,361.95600000000013,115079.60238490054,-0.006504693863080946,1.1507960238490051,0.009739678477721503
2018-01-25,17999.229666382817,0.0,0.0,0.0,13798.972633938827,14025.813351872488,68880.60543726823,361.95600000000013,114704.62108946237,-0.0032584514341994497,1.1470462108946233,0.013489491432103318
2018-01-26,18649.019856568902,0.0,0.0,0.0,13631.687688697586,14176.703051911933,68880.60543726823,361.95600000000013,115338.01603444664,0.005521965366070747,1.1533801603444662,0.007155541982260427
2018-01-29,0.0,0.0,10819.315423529719,0.0,13494.811912615372,0.0,90404.78769443254,370.23700000000014,114718.91503057763,-0.005367709842382884,1.147189150305776,0.013346552020950586
2018-01-30,14525.207444756463,0.0,10932.712668483731,0.0,13028.431212915384,0.0,75494.09983915827,373.55200000000013,113980.45116531385,-0.006437158728941461,1.1398045116531383,0.020731190673588307
2018-01-31,14950.142388552813,0.0,11139.15508180271,0.0,0.0,0.0,88517.24005207366,378.84300000000013,114606.5375224292,0.005492927521468571,1.146065375224292,0.014470327102434677
2018-02-01,14853.938222282475,0.0,10825.13116089161,0.0,0.0,0.0,88517.24005207366,378.84300000000013,114196.30943524775,-0.0035794475258548175,1.1419630943524774,0.0185726079742492
2018-02-02,14829.889696300601,0.0,0.0,0.0,0.0,0.0,99340.49921296527,380.71500000000015,114170.38890926586,-0.00022698216877647948,1.1417038890926585,0.01883181323406813
2018-02-05,0.0,0.0,0.0,0.0,0.0,0.0,114167.07390926586,384.03000000000014,114167.07390926586,-2.9035549687361772e-05,1.1416707390926586,0.018864963234068055
2018-02-06,0.0,0.0,0.0,0.0,0.0,0.0,114167.07390926586,384.03000000000014,114167.07390926586,0.0,1.1416707390926586,0.018864963234068055
2018-02-07,0.0,0.0,0.0,0.0,0.0,18165.88389441325,95389.69581278275,387.28000000000014,113555.57970719601,-0.005356134488966879,1.13555579707196,0.024979905254766566
2018-02-08,0.0,0.0,0.0,0.0,0.0,0.0,113552.32970719601,390.53000000000014,113552.32970719601,-2.862034616335496e-05,1.13552329707196,0.025012405254766668
2018-02-09,0.0,0.0,0.0,0.0,0.0,0.0,113552.32970719601,390.53000000000014,113552.32970719601,0.0,1.13552329707196,0.025012405254766668
2018-02-12,0.0,0.0,0.0,0.0,0.0,0.0,113552.32970719601,390.53000000000014,113552.32970719601,0.0,1.13552329707196,0.025012405254766668
2018-02-13,0.0,0.0,0.0,0.0,0.0,0.0,113552.32970719601,390.53000000000014,113552.32970719601,0.0,1.13552329707196,0.025012405254766668
2018-02-14,0.0,0.0,0.0,0.0,0.0,0.0,113552.32970719601,390.53000000000014,113552.32970719601,0.0,1.13552329707196,0.025012405254766668
2018-02-22,0.0,0.0,0.0,0.0,0.0,0.0,113552.32970719601,390.53000000000014,113552.32970719601,0.0,1.13552329707196,0.025012405254766668
2018-02-23,0.0,0.0,0.0,0.0,0.0,0.0,113552.32970719601,390.53000000000014,113552.32970719601,0.0,1.13552329707196,0.025012405254766668
2018-02-26,18901.108258544617,0.0,0.0,0.0,0.0,0.0,94850.99103782888,394.82000000000016,113752.09929637349,0.001759273364911218,1.1375209929637349,0.02301470936299177
2018-02-27,17988.0524218991,0.0,0.0,0.0,0.0,0.0,94850.99103782888,394.82000000000016,112839.04345972798,-0.008026716362100728,1.1283904345972797,0.032145267729446925
2018-02-28,17877.37193534716,0.0,0.0,0.0,0.0,0.0,94850.99103782888,394.82000000000016,112728.36297317603,-0.0009808704785011502,1.12728362973176,0.03325207259496654
2018-03-01,17839.328887868738,0.0,0.0,0.0,0.0,0.0,94850.99103782888,394.82000000000016,112690.31992569761,-0.00033747538308059877,1.1269031992569758,0.03363250306975085
2018-03-02,18150.607337633162,0.0,0.0,0.0,0.0,0.0,94850.99103782888,394.82000000000016,113001.59837546204,0.0027622465706873545,1.13001598375462,0.03051971857210667
2018-03-05,0.0,0.0,0.0,0.0,0.0,0.0,112997.30837546205,399.1100000000002,112997.30837546205,-3.79640647714119e-05,1.12997308375462,0.030562618572106626
2018-03-06,0.0,0.0,0.0,0.0,0.0,0.0,112997.30837546205,399.1100000000002,112997.30837546205,0.0,1.12997308375462,0.030562618572106626
2018-03-07,0.0,0.0,0.0,0.0,0.0,0.0,112997.30837546205,399.1100000000002,112997.30837546205,0.0,1.12997308375462,0.030562618572106626
2018-03-08,0.0,0.0,0.0,18645.863383556836,0.0,0.0,94371.71505134628,403.60600000000017,113017.57843490312,0.00017938532990280365,1.1301757843490305,0.030359917977696105
2018-03-09,0.0,0.0,0.0,19413.494933194488,0.0,0.0,94371.71505134628,403.60600000000017,113785.20998454076,0.006792142959245906,1.1378520998454071,0.02268360248131951
2018-03-12,0.0,0.0,0.0,20032.552459624192,0.0,0.0,94371.71505134628,403.60600000000017,114404.26751097047,0.005440579900619857,1.1440426751097041,0.016493027217022505
2018-03-13,15441.99726231613,0.0,0.0,19661.128904470297,0.0,0.0,78841.60861720354,407.22000000000014,113944.73478398997,-0.004016744628310587,1.1394473478398992,0.021088354486827443
2018-03-14,15203.078680673576,0.0,0.0,19735.40864947139,0.0,0.0,78841.60861720354,407.22000000000014,113780.0959473485,-0.0014449007841703665,1.1378009594734846,0.022734742853242063
2018-03-15,15675.073461393766,0.0,0.0,19413.50439898986,0.0,0.0,78841.60861720354,407.22000000000014,113930.18647758717,0.0013191281742996885,1.1393018647758713,0.021233837550855394
2018-03-16,15564.360417535941,0.0,0.0,18943.01811988034,0.0,0.0,78841.60861720354,407.22000000000014,113348.98715461983,-0.005101363746838672,1.1334898715461978,0.0270458307805288
2018-03-19,15421.588539425884,0.0,0.0,18992.535169245708,0.0,0.0,78841.60861720354,407.22000000000014,113255.73232587513,-0.0008227230880986092,1.132557323258751,0.027978379067975734
2018-03-20,15208.893990290122,0.0,0.0,18819.209293291173,0.0,0.0,78841.60861720354,407.22000000000014,112869.71190078484,-0.003408396353657195,1.128697119007848,0.031838583318878566
2018-03-21,15063.207994757135,0.0,0.0,0.0,0.0,0.0,97656.32191049472,411.7160000000001,112719.52990525185,-0.001330578354492462,1.1271952990525183,0.0333404032742084
2018-03-22,0.0,0.0,0.0,0.0,0.0,0.0,112715.91590525185,415.3300000000001,112715.91590525185,-3.206187963200602e-05,1.1271591590525183,0.03337654327420836
2018-03-23,0.0,17797.875008887175,0.0,0.0,0.0,0.0,94120.2015531523,420.9720000000001,111918.07656203948,-0.007078320189342402,1.1191807656203947,0.041354936706331946
2018-03-26,0.0,18550.03100463776,0.0,0.0,0.0,0.0,94120.2015531523,420.9720000000001,112670.23255779006,0.006720594374525657,1.1267023255779005,0.03383337674882614
2018-03-27,0.0,18563.3870269611,0.0,0.0,0.0,0.0,94120.2015531523,420.9720000000001,112683.5885801134,0.0001185408250266029,1.1268358858011338,0.03369981652559284
2018-03-28,0.0,18661.308893528316,0.0,0.0,0.0,0.0,94120.2015531523,420.9720000000001,112781.51044668062,0.0008689984744105761,1.127815104466806,0.03272059785992054
2018-03-29,0.0,0.0,0.0,0.0,0.0,0.0,112775.86844668063,426.6140000000001,112775.86844668063,-5.002593047076509e-05,1.1277586844668062,0.03277701785992049
2018-03-30,0.0,0.0,0.0,0.0,0.0,0.0,112775.86844668063,426.6140000000001,112775.86844668063,0.0,1.1277586844668062,0.03277701785992049
2018-04-02,0.0,18308.53255573042,0.0,0.0,0.0,0.0,94165.41816363487,432.0610000000001,112473.95071936528,-0.0026771483250256356,1.1247395071936528,0.03579619513307386
2018-04-03,0.0,18291.34084366059,0.0,0.0,0.0,0.0,94165.41816363487,432.0610000000001,112456.75900729545,-0.00015285061082925822,1.1245675900729544,0.03596811225377228
2018-04-04,0.0,18325.710273105826,0.0,0.0,0.0,0.0,94165.41816363487,432.0610000000001,112491.12843674069,0.0003056235103042759,1.124911284367407,0.0356244179593197
2018-04-09,0.0,17702.672775240775,0.0,0.0,0.0,0.0,94165.41816363487,432.0610000000001,111868.09093887564,-0.005538547852823927,1.1186809093887564,0.04185479293797023
2018-04-10,0.0,17896.021367291956,0.0,0.0,0.0,0.0,94165.41816363487,432.0610000000001,112061.43953092681,0.001728362309828091,1.1206143953092682,0.03992130701745844
2018-04-11,0.0,17517.914227843812,0.0,0.0,0.0,0.0,94165.41816363487,432.0610000000001,111683.33239147867,-0.003374105678374706,1.1168333239147867,0.04370237841193991
2018-04-12,0.0,0.0,0.0,0.0,0.0,0.0,111677.88539147867,437.5080000000001,111677.88539147867,-4.8771825511995104e-05,1.1167788539147867,0.04375684841193994
2018-04-13,0.0,0.0,0.0,0.0,0.0,0.0,111677.88539147867,437.5080000000001,111677.88539147867,0.0,1.1167788539147867,0.04375684841193994
2018-04-16,0.0,0.0,0.0,0.0,0.0,0.0,111677.88539147867,437.5080000000001,111677.88539147867,0.0,1.1167788539147867,0.04375684841193994
2018-04-17,0.0,0.0,0.0,0.0,0.0,0.0,111677.88539147867,437.5080000000001,111677.88539147867,0.0,1.1167788539147867,0.04375684841193994
2018-04-18,0.0,0.0,0.0,0.0,0.0,0.0,111677.88539147867,437.5080000000001,111677.88539147867,0.0,1.1167788539147867,0.04375684841193994
2018-04-19,0.0,0.0,0.0,0.0,0.0,0.0,111677.88539147867,437.5080000000001,111677.88539147867,0.0,1.1167788539147867,0.04375684841193994
2018-04-20,0.0,0.0,0.0,0.0,0.0,0.0,111677.88539147867,437.5080000000001,111677.88539147867,0.0,1.1167788539147867,0.04375684841193994
2018-04-23,0.0,0.0,0.0,0.0,0.0,0.0,111677.88539147867,437.5080000000001,111677.88539147867,0.0,1.1167788539147867,0.04375684841193994
2018-04-24,0.0,0.0,0.0,0.0,0.0,0.0,111677.88539147867,437.5080000000001,111677.88539147867,0.0,1.1167788539147867,0.04375684841193994
2018-04-25,0.0,0.0,0.0,0.0,0.0,0.0,111677.88539147867,437.5080000000001,111677.88539147867,0.0,1.1167788539147867,0.04375684841193994
2018-04-26,0.0,0.0,0.0,0.0,0.0,0.0,111677.88539147867,437.5080000000001,111677.88539147867,0.0,1.1167788539147867,0.04375684841193994
2018-04-27,0.0,0.0,0.0,0.0,0.0,0.0,111677.88539147867,437.5080000000001,111677.88539147867,0.0,1.1167788539147867,0.04375684841193994
2018-05-02,0.0,0.0,0.0,0.0,0.0,0.0,111677.88539147867,437.5080000000001,111677.88539147867,0.0,1.1167788539147867,0.04375684841193994
2018-05-03,0.0,0.0,0.0,0.0,0.0,0.0,111677.88539147867,437.5080000000001,111677.88539147867,0.0,1.1167788539147867,0.04375684841193994
2018-05-04,0.0,0.0,0.0,0.0,0.0,0.0,111677.88539147867,437.5080000000001,111677.88539147867,0.0,1.1167788539147867,0.04375684841193994
2018-05-07,0.0,0.0,0.0,0.0,0.0,0.0,111677.88539147867,437.5080000000001,111677.88539147867,0.0,1.1167788539147867,0.04375684841193994
2018-05-08,0.0,0.0,0.0,0.0,0.0,0.0,111677.88539147867,437.5080000000001,111677.88539147867,0.0,1.1167788539147867,0.04375684841193994
2018-05-09,0.0,18287.12047528353,0.0,0.0,0.0,0.0,93287.21577957207,443.0460000000001,111574.3362548556,-0.0009272125475879855,1.115743362548556,0.04479233977817065
2018-05-10,0.0,18977.62385730976,0.0,0.0,0.0,0.0,93287.21577957207,443.0460000000001,112264.83963688184,0.006188729462382803,1.1226483963688183,0.037887305957908346
2018-05-11,0.0,18309.402743670027,0.0,0.0,0.0,0.0,93287.21577957207,443.0460000000001,111596.6185232421,-0.005952185170362223,1.115966185232421,0.04456951709430568
2018-05-14,0.0,18202.494141049734,0.0,0.0,0.0,0.0,93287.21577957207,443.0460000000001,111489.7099206218,-0.0009579914161829128,1.114897099206218,0.045638603120508714
2018-05-15,0.0,18483.158398210584,0.0,0.0,0.0,0.0,93287.21577957207,443.0460000000001,111770.37417778265,0.002517400550783311,1.1177037417778264,0.04283196054890026
2018-05-16,0.0,19044.473435605843,15311.244341615084,0.0,15492.50797351482,0.0,62531.90067671174,450.0060000000001,112380.12642744748,0.005455401345395572,1.1238012642744748,0.03673443805225185
2018-05-17,0.0,18870.73070445281,14898.116346789628,0.0,15896.722999051795,0.0,62531.90067671174,450.0060000000001,112197.47072700597,-0.0016253380935590256,1.1219747072700597,0.03856099505666699
2018-05-18,0.0,18710.348364195663,14651.090679643508,0.0,15797.320790138727,0.0,62531.90067671174,450.0060000000001,111690.66051068962,-0.004517126928373472,1.116906605106896,0.04362909721983055
2018-05-21,0.0,18790.540917284605,14795.902059921104,0.0,15750.939856298877,0.0,62531.90067671174,450.0060000000001,111869.28351021632,0.0015992653164551562,1.1186928351021632,0.04184286722456343
2018-05-22,0.0,19066.743078227773,14902.373371144295,0.0,16181.649306669371,0.0,62531.90067671174,450.0060000000001,112682.66643275318,0.007270833396037402,1.1268266643275318,0.03370903799919489
2018-05-23,0.0,19142.476181734495,0.0,0.0,15724.420623860122,0.0,77431.57004785603,452.7100000000001,112298.46685345065,-0.0034095712452084648,1.1229846685345064,0.037551033792220245
2018-05-24,0.0,19628.063375036552,0.0,0.0,15817.194705540896,0.0,77431.57004785603,452.7100000000001,112876.82812843348,0.00515021523613135,1.1287682812843347,0.03176742104239194
2018-05-25,0.0,19944.349988261893,0.0,0.0,16122.007864711375,0.0,77431.57004785603,452.7100000000001,113497.9279008293,0.005502455930894046,1.1349792790082929,0.025556423318433774
2018-05-28,0.0,20403.189704091845,0.0,0.0,16155.138590873355,0.0,77431.57004785603,452.7100000000001,113989.89834282122,0.004334620473616102,1.1398989834282123,0.020636718898514372
2018-05-29,0.0,19066.739972094423,0.0,0.0,15870.21041154612,0.0,77431.57004785603,452.7100000000001,112368.52043149658,-0.014223873649298224,1.1236852043149659,0.03685049801176077
2018-05-30,0.0,18554.435735784216,0.0,0.0,15757.563658044966,0.0,77431.57004785603,452.7100000000001,111743.56944168522,-0.00556161981497616,1.1174356944168522,0.04310000790987445
2018-05-31,0.0,19062.289196308368,0.0,0.0,16168.52091824678,0.0,77431.57004785603,452.7100000000001,112662.38016241118,0.008222493028607447,1.126623801624112,0.03391190070261474
2018-06-01,0.0,18549.51361692767,12938.06457218168,0.0,16147.50184105306,0.0,64689.93803940617,455.0110000000001,112325.01806956858,-0.0029944520287629173,1.123250180695686,0.0372855216310406
2018-06-04,0.0,0.0,13311.97463831773,0.0,0.0,0.0,99377.15949738689,464.80500000000006,112689.13413570462,0.0032416292682946324,1.1268913413570465,0.033644360969680154
2018-06-05,0.0,0.0,13268.045122011281,0.0,0.0,0.0,99377.15949738689,464.80500000000006,112645.20461939817,-0.00038982921151520245,1.126452046193982,0.034083656132744666
2018-06-06,0.0,0.0,13510.850347744088,0.0,0.0,0.0,99377.15949738689,464.80500000000006,112888.00984513098,0.0021554865700070813,1.12888009845131,0.03165560387541655
2018-06-07,0.0,0.0,13318.996272806122,0.0,0.0,0.0,99377.15949738689,464.80500000000006,112696.15577019301,-0.00169950799204599,1.1269615577019305,0.03357414462479613
2018-06-08,0.0,0.0,13388.255053424715,0.0,15729.507277246457,0.0,82998.24225186695,469.05300000000005,112116.00458253812,-0.005147923491178541,1.1211600458253816,0.039375656501345
2018-06-11,0.0,13489.050730079507,13269.099583449233,0.0,0.0,0.0,85049.99655781273,477.31800000000004,111808.14687134147,-0.002745885499068179,1.118081468713415,0.042454233613311576
2018-06-12,0.0,13889.67553676287,13620.730722410637,0.0,14238.788809216758,0.0,71031.90687112039,483.61,112781.10193951064,0.008702005134641588,1.1278110193951068,0.0327246829316199
2018-06-13,11551.802307484562,13424.371406281314,13573.0581648822,0.0,0.0,0.0,73589.50652404275,492.775,112138.73840269081,-0.005695666435005742,1.1213873840269084,0.03914831829981824
2018-06-14,11334.628424103852,0.0,13366.747680775992,0.0,0.0,0.0,87009.86093032407,496.792,111711.23703520391,-0.0038122541199967497,1.1171123703520394,0.043423331974687285
2018-06-15,11350.496903897598,0.0,13424.224695803328,0.0,0.0,0.0,87009.86093032407,496.792,111784.58253002499,0.0006565632676500677,1.1178458253002501,0.04268987702647653
2018-06-19,10961.17486009391,0.0,12684.549915064565,0.0,0.0,0.0,87009.86093032407,496.792,110655.58570548255,-0.01009975435779964,1.1065558570548257,0.05397984527190092
2018-06-20,11088.324488471,0.0,0.0,0.0,0.0,0.0,99692.10984538864,499.09299999999996,110780.43433385964,0.0011282632284770333,1.1078043433385967,0.05273135898812997
2018-06-21,0.0,0.0,0.0,0.0,0.0,0.0,110777.56133385963,501.96599999999995,110777.56133385963,-2.5934182487086233e-05,1.1077756133385965,0.052760088988130116
2018-06-22,0.0,0.0,0.0,0.0,0.0,0.0,110777.56133385963,501.96599999999995,110777.56133385963,0.0,1.1077756133385965,0.052760088988130116
2018-06-25,0.0,0.0,0.0,0.0,0.0,0.0,110777.56133385963,501.96599999999995,110777.56133385963,0.0,1.1077756133385965,0.052760088988130116
2018-06-26,0.0,0.0,0.0,0.0,0.0,0.0,110777.56133385963,501.96599999999995,110777.56133385963,0.0,1.1077756133385965,0.052760088988130116
2018-06-27,0.0,0.0,0.0,0.0,0.0,0.0,110777.56133385963,501.96599999999995,110777.56133385963,0.0,1.1077756133385965,0.052760088988130116
2018-06-28,0.0,0.0,0.0,0.0,0.0,0.0,110777.56133385963,501.96599999999995,110777.56133385963,0.0,1.1077756133385965,0.052760088988130116
2018-06-29,0.0,0.0,0.0,0.0,0.0,0.0,110777.56133385963,501.96599999999995,110777.56133385963,0.0,1.1077756133385965,0.052760088988130116
2018-07-02,0.0,0.0,0.0,0.0,0.0,0.0,110777.56133385963,501.96599999999995,110777.56133385963,0.0,1.1077756133385965,0.052760088988130116
2018-07-03,0.0,0.0,0.0,0.0,0.0,0.0,110777.56133385963,501.96599999999995,110777.56133385963,0.0,1.1077756133385965,0.052760088988130116
2018-07-04,0.0,0.0,0.0,0.0,0.0,0.0,110777.56133385963,501.96599999999995,110777.56133385963,0.0,1.1077756133385965,0.052760088988130116
2018-07-05,0.0,0.0,0.0,0.0,0.0,0.0,110777.56133385963,501.96599999999995,110777.56133385963,0.0,1.1077756133385965,0.052760088988130116
2018-07-06,0.0,0.0,0.0,0.0,0.0,0.0,110777.56133385963,501.96599999999995,110777.56133385963,0.0,1.1077756133385965,0.052760088988130116
2018-07-09,0.0,0.0,0.0,0.0,0.0,0.0,110777.56133385963,501.96599999999995,110777.56133385963,0.0,1.1077756133385965,0.052760088988130116
2018-07-10,0.0,0.0,0.0,0.0,0.0,0.0,110777.56133385963,501.96599999999995,110777.56133385963,0.0,1.1077756133385965,0.052760088988130116
2018-07-11,0.0,0.0,0.0,0.0,0.0,0.0,110777.56133385963,501.96599999999995,110777.56133385963,0.0,1.1077756133385965,0.052760088988130116
2018-07-12,0.0,0.0,0.0,0.0,0.0,0.0,110777.56133385963,501.96599999999995,110777.56133385963,0.0,1.1077756133385965,0.052760088988130116
2018-07-13,0.0,0.0,0.0,0.0,0.0,0.0,110777.56133385963,501.96599999999995,110777.56133385963,0.0,1.1077756133385965,0.052760088988130116
2018-07-16,0.0,0.0,0.0,0.0,0.0,0.0,110777.56133385963,501.96599999999995,110777.56133385963,0.0,1.1077756133385965,0.052760088988130116
2018-07-17,0.0,0.0,0.0,0.0,0.0,0.0,110777.56133385963,501.96599999999995,110777.56133385963,0.0,1.1077756133385965,0.052760088988130116
2018-07-18,0.0,0.0,0.0,0.0,0.0,0.0,110777.56133385963,501.96599999999995,110777.56133385963,0.0,1.1077756133385965,0.052760088988130116
2018-07-19,0.0,0.0,0.0,0.0,18165.31169395736,0.0,92517.65731581385,507.10999999999996,110682.96900977122,-0.0008538942629665591,1.1068296900977124,0.05370601222901428
2018-07-20,0.0,0.0,0.0,0.0,0.0,0.0,110677.82500977122,512.2539999999999,110677.82500977122,-4.647508145128043e-05,1.1067782500977124,0.05375745222901429
2018-07-23,0.0,0.0,0.0,0.0,0.0,0.0,110677.82500977122,512.2539999999999,110677.82500977122,0.0,1.1067782500977124,0.05375745222901429
2018-07-24,0.0,0.0,0.0,0.0,0.0,0.0,110677.82500977122,512.2539999999999,110677.82500977122,0.0,1.1067782500977124,0.05375745222901429
2018-07-25,0.0,0.0,0.0,0.0,0.0,0.0,110677.82500977122,512.2539999999999,110677.82500977122,0.0,1.1067782500977124,0.05375745222901429
2018-07-26,0.0,0.0,0.0,0.0,18255.798613257804,0.0,92432.76089293389,517.2059999999999,110688.5595061917,9.698868241714287e-05,1.1068855950619172,0.053650107264809455
2018-07-27,0.0,0.0,0.0,0.0,18059.74959195003,0.0,92432.76089293389,517.2059999999999,110492.51048488391,-0.001771176914600825,1.1049251048488393,0.055610597477887325
2018-07-30,0.0,0.0,0.0,0.0,17942.126442857658,0.0,92432.76089293389,517.2059999999999,110374.88733579154,-0.0010645350402139764,1.1037488733579157,0.05678682896881093
2018-07-31,0.0,0.0,0.0,0.0,18444.003603717272,0.0,92432.76089293389,517.2059999999999,110876.76449665116,0.004547023086263868,1.1087676449665118,0.051768057360214836
2018-08-01,0.0,0.0,0.0,0.0,18091.11448276735,0.0,92432.76089293389,517.2059999999999,110523.87537570123,-0.0031827148145234796,1.1052387537570125,0.05529694856971412
2018-08-02,0.0,0.0,0.0,0.0,17714.710754838892,0.0,92432.76089293389,517.2059999999999,110147.47164777278,-0.0034056327345467485,1.101474716477728,0.05906098584899855
2018-08-03,0.0,0.0,0.0,0.0,0.0,0.0,110142.51964777277,522.1579999999999,110142.51964777277,-4.495790893721541e-05,1.101425196477728,0.059110505848998685
2018-08-06,0.0,0.0,0.0,0.0,0.0,0.0,110142.51964777277,522.1579999999999,110142.51964777277,0.0,1.101425196477728,0.059110505848998685
2018-08-07,0.0,0.0,0.0,0.0,0.0,0.0,110142.51964777277,522.1579999999999,110142.51964777277,0.0,1.101425196477728,0.059110505848998685
2018-08-08,0.0,0.0,0.0,0.0,0.0,0.0,110142.51964777277,522.1579999999999,110142.51964777277,0.0,1.101425196477728,0.059110505848998685
2018-08-09,0.0,0.0,0.0,0.0,0.0,0.0,110142.51964777277,522.1579999999999,110142.51964777277,0.0,1.101425196477728,0.059110505848998685
2018-08-10,0.0,0.0,0.0,0.0,0.0,0.0,110142.51964777277,522.1579999999999,110142.51964777277,0.0,1.101425196477728,0.059110505848998685
2018-08-13,0.0,0.0,0.0,0.0,0.0,0.0,110142.51964777277,522.1579999999999,110142.51964777277,0.0,1.101425196477728,0.059110505848998685
2018-08-14,0.0,0.0,0.0,0.0,0.0,0.0,110142.51964777277,522.1579999999999,110142.51964777277,0.0,1.101425196477728,0.059110505848998685
2018-08-15,0.0,0.0,0.0,0.0,0.0,0.0,110142.51964777277,522.1579999999999,110142.51964777277,0.0,1.101425196477728,0.059110505848998685
2018-08-16,0.0,0.0,0.0,0.0,0.0,0.0,110142.51964777277,522.1579999999999,110142.51964777277,0.0,1.101425196477728,0.059110505848998685
2018-08-17,0.0,0.0,0.0,0.0,0.0,0.0,110142.51964777277,522.1579999999999,110142.51964777277,0.0,1.101425196477728,0.059110505848998685
2018-08-20,0.0,0.0,0.0,0.0,0.0,0.0,110142.51964777277,522.1579999999999,110142.51964777277,0.0,1.101425196477728,0.059110505848998685
2018-08-21,0.0,0.0,0.0,0.0,0.0,0.0,110142.51964777277,522.1579999999999,110142.51964777277,0.0,1.101425196477728,0.059110505848998685
2018-08-22,0.0,0.0,0.0,0.0,0.0,0.0,110142.51964777277,522.1579999999999,110142.51964777277,0.0,1.101425196477728,0.059110505848998685
2018-08-23,0.0,0.0,0.0,0.0,0.0,0.0,110142.51964777277,522.1579999999999,110142.51964777277,0.0,1.101425196477728,0.059110505848998685
2018-08-24,0.0,0.0,0.0,0.0,0.0,0.0,110142.51964777277,522.1579999999999,110142.51964777277,0.0,1.101425196477728,0.059110505848998685
2018-08-27,0.0,0.0,0.0,0.0,0.0,0.0,110142.51964777277,522.1579999999999,110142.51964777277,0.0,1.101425196477728,0.059110505848998685
2018-08-28,0.0,0.0,0.0,0.0,0.0,0.0,110142.51964777277,522.1579999999999,110142.51964777277,0.0,1.101425196477728,0.059110505848998685
2018-08-29,0.0,0.0,0.0,0.0,0.0,18173.740856861827,91996.8951672414,525.7719999999999,110170.63602410322,0.00025527268143465953,1.1017063602410326,0.058829342085694014
2018-08-30,0.0,0.0,0.0,0.0,0.0,18217.012533842015,91996.8951672414,525.7719999999999,110213.90770108342,0.0003927696030612271,1.1021390770108346,0.05839662531589207
2018-08-31,0.0,0.0,0.0,0.0,0.0,18165.094048120565,91996.8951672414,525.7719999999999,110161.98921536196,-0.0004710701834678144,1.10161989215362,0.05891581017310665
2018-09-03,0.0,0.0,0.0,0.0,0.0,18092.978624749525,91996.8951672414,525.7719999999999,110089.87379199092,-0.0006546307295709486,1.1008987379199096,0.059636964406817095
2018-09-04,0.0,0.0,0.0,0.0,0.0,18690.028826387632,91996.8951672414,525.7719999999999,110686.92399362903,0.005423298084310746,1.1068692399362907,0.05366646239043593
2018-09-05,0.0,0.0,0.0,0.0,0.0,18113.179776690005,91996.8951672414,525.7719999999999,110110.0749439314,-0.005211537450718451,1.1011007494393146,0.059434952887412074
2018-09-06,0.0,0.0,0.0,0.0,0.0,17862.656387198604,91996.8951672414,525.7719999999999,109859.55155444,-0.00227520860029351,1.0985955155444007,0.061940186782325934
2018-09-07,0.0,0.0,0.0,0.0,0.0,0.0,109855.93755444,529.386,109855.93755444,-3.2896547900174156e-05,1.0985593755444008,0.0619763267823259
2018-09-10,0.0,0.0,0.0,0.0,0.0,0.0,109855.93755444,529.386,109855.93755444,0.0,1.0985593755444008,0.0619763267823259
2018-09-11,0.0,0.0,0.0,0.0,0.0,0.0,109855.93755444,529.386,109855.93755444,0.0,1.0985593755444008,0.0619763267823259
2018-09-12,0.0,0.0,0.0,0.0,0.0,0.0,109855.93755444,529.386,109855.93755444,0.0,1.0985593755444008,0.0619763267823259
2018-09-13,0.0,0.0,0.0,0.0,0.0,0.0,109855.93755444,529.386,109855.93755444,0.0,1.0985593755444008,0.0619763267823259
2018-09-14,0.0,0.0,0.0,0.0,0.0,0.0,109855.93755444,529.386,109855.93755444,0.0,1.0985593755444008,0.0619763267823259
2018-09-17,0.0,0.0,0.0,0.0,0.0,0.0,109855.93755444,529.386,109855.93755444,0.0,1.0985593755444008,0.0619763267823259
2018-09-18,0.0,0.0,0.0,0.0,0.0,0.0,109855.93755444,529.386,109855.93755444,0.0,1.0985593755444008,0.0619763267823259
2018-09-19,0.0,0.0,0.0,0.0,0.0,18363.970336689083,91778.80509772754,532.8829999999999,110142.77543441663,0.002611036657299337,1.101427754344167,0.05910794798255958
2018-09-20,0.0,0.0,0.0,0.0,0.0,18265.319088040385,91778.80509772754,532.8829999999999,110044.12418576793,-0.0008956669945859863,1.10044124185768,0.06009446046904654
2018-09-21,0.0,0.0,0.0,0.0,15287.62186655187,19023.54901402312,76636.81798243267,537.1869999999999,110947.98886300766,0.008213656875617481,1.1094798886300774,0.051055813696649244
2018-09-25,0.0,0.0,0.0,0.0,15730.641860622678,18938.989338655785,76636.81798243267,537.1869999999999,111306.44918171113,0.003230886133015698,1.1130644918171122,0.04747121050961445
2018-09-26,0.0,0.0,0.0,0.0,16207.736497613503,19156.030156476783,76636.81798243267,537.1869999999999,112000.58463652295,0.0062362554902692935,1.1200058463652305,0.040529855961496164
2018-09-27,0.0,0.0,0.0,0.0,16078.23668299757,18941.808271236903,76636.81798243267,537.1869999999999,111656.86293666714,-0.003068927729005133,1.1165686293666723,0.04396707296005431
2018-09-28,0.0,0.0,0.0,0.0,15826.049540624756,19308.23755224398,76636.81798243267,537.1869999999999,111771.1050753014,0.0010231537554397097,1.117711050753015,0.042824651573711625
2018-10-08,0.0,0.0,0.0,0.0,15737.439489246797,18259.665095494267,76636.81798243267,537.1869999999999,110633.92256717374,-0.010174208328364687,1.1063392256717384,0.05419647665498828
2018-10-09,0.0,0.0,0.0,0.0,15894.200123999186,18321.674918158566,76636.81798243267,537.1869999999999,110852.69302459041,0.0019774265644774136,1.108526930245905,0.05200877208082155
2018-10-10,0.0,0.0,0.0,0.0,16419.010717893514,18223.012698724284,76636.81798243267,537.1869999999999,111278.84139905046,0.0038442762447414847,1.1127884139905055,0.047747288336221105
2018-10-11,0.0,0.0,0.0,0.0,16269.072312017708,0.0,94856.33368115695,540.6839999999999,111125.40599317466,-0.001378837198039995,1.1112540599317475,0.04928164239497912
2018-10-12,0.0,0.0,0.0,0.0,16446.275047640203,0.0,94856.33368115695,540.6839999999999,111302.60872879715,0.0015946194665275026,1.1130260872879725,0.04750961503875417
2018-10-15,0.0,0.0,0.0,0.0,16562.139055350828,0.0,94856.33368115695,540.6839999999999,111418.47273650777,0.0010409819593082403,1.1141847273650787,0.04635097496164797
2018-10-16,0.0,0.0,0.0,0.0,15962.357751600355,0.0,94856.33368115695,540.6839999999999,110818.6914327573,-0.005383140596163849,1.108186914327574,0.05234878799915266
2018-10-17,0.0,0.0,0.0,0.0,16398.56110187834,0.0,94856.33368115695,540.6839999999999,111254.89478303528,0.003936189325450146,1.1125489478303536,0.04798675449637302
2018-10-18,0.0,0.0,0.0,0.0,16085.037012171528,0.0,94856.33368115695,540.6839999999999,110941.37069332847,-0.002818070075192969,1.1094137069332854,0.0511219953934412
2018-10-19,0.0,0.0,0.0,0.0,16350.84224879766,0.0,94856.33368115695,540.6839999999999,111207.17592995461,0.002395907270344555,1.1120717592995468,0.04846394302717982
2018-10-22,0.0,0.0,0.0,0.0,16493.977521843633,0.0,94856.33368115695,540.6839999999999,111350.31120300057,0.0012871046481399695,1.1135031120300065,0.047032590296720134
2018-10-23,0.0,0.0,0.0,0.0,0.0,15033.202938901859,95754.61535384765,547.8349999999998,110787.8182927495,-0.0050515611871582156,1.107878182927496,0.05265751939923069
2018-10-24,0.0,0.0,0.0,0.0,16204.129247563455,15203.017999299695,79979.29510853747,551.9149999999998,111386.44235540062,0.0054033383080915875,1.113864423554007,0.046671278772719704
2018-10-25,0.0,0.0,0.0,0.0,16158.903522833505,15297.109477697359,79979.29510853747,551.9149999999998,111435.30810906834,0.0004387046810581108,1.114353081090684,0.046182621236042554
2018-10-26,0.0,0.0,0.0,0.0,16320.427922447747,15040.087444253088,79979.29510853747,551.9149999999998,111339.81047523831,-0.0008569782365259737,1.1133981047523838,0.04713759757434288
2018-10-29,0.0,0.0,0.0,0.0,16288.129795589222,14227.727201126647,79979.29510853747,551.9149999999998,110495.15210525334,-0.007586310470438784,1.104951521052534,0.05558418127419262
2018-10-30,0.0,0.0,0.0,0.0,15506.348429790327,14411.307565202787,79979.29510853747,551.9149999999998,109896.95110353059,-0.005413821243061556,1.0989695110353066,0.06156619129142005
2018-10-31,0.0,0.0,0.0,0.0,15952.155947146799,0.0,94387.75567374025,554.7619999999998,110339.91162088705,0.004030689777182017,1.1033991162088714,0.057136586117855215
2018-11-01,0.0,0.0,0.0,0.0,15790.624416025992,0.0,94387.75567374025,554.7619999999998,110178.38008976624,-0.0014639447208895096,1.1017838008976633,0.05875190142906339
2018-11-02,0.0,0.0,0.0,0.0,16087.835548784431,0.0,94387.75567374025,554.7619999999998,110475.59122252467,0.002697544949529007,1.1047559122252477,0.05577979010147893
2018-11-05,0.0,0.0,0.0,0.0,0.0,0.0,110471.51122252468,558.8419999999999,110471.51122252468,-3.693123480796867e-05,1.1047151122252479,0.05582059010147877
2018-11-06,17966.588832898913,0.0,0.0,0.0,0.0,0.0,92239.4129884374,564.4969999999998,110206.00182133631,-0.00240341965317703,1.102060018213364,0.05847568411336268
2018-11-07,17861.735820470116,0.0,0.0,0.0,0.0,15034.612165281238,77047.35337406181,567.3179999999999,109943.70135981317,-0.002380092346951912,1.0994370135981326,0.06109868872859403
2018-11-08,17866.290563104332,0.0,0.0,0.0,12618.970647371081,15075.536379595133,64357.13157086127,572.5309999999998,109917.92916093182,-0.00023441269088264605,1.099179291609319,0.061356410717407606
2018-11-09,17615.555041341726,0.0,0.0,0.0,12105.883300848975,14693.537363272573,64357.13157086127,572.5309999999998,108772.10727632453,-0.010424340172290547,1.0877210727632463,0.07281462956348039
2018-11-12,17875.4197093116,0.0,0.0,0.0,12258.284265723361,14702.632662900436,64357.13157086127,572.5309999999998,109193.46820879665,0.003873795801360158,1.0919346820879674,0.06860102023875925
2018-11-13,17966.6022252488,0.0,0.0,10755.186635142354,0.0,14782.218013504715,66002.52979275383,584.1919999999998,109506.5366666497,0.0028670987650507573,1.095065366666498,0.06547033566022864
2018-11-14,0.0,0.0,0.0,10601.226138460292,0.0,0.0,98742.87403150735,592.6679999999998,109344.10016996764,-0.00148334977642961,1.0934410016996774,0.06709470062704925
2018-11-15,0.0,0.0,0.0,10711.192657194539,0.0,0.0,98742.87403150735,592.6679999999998,109454.06668870189,0.0010056922921612976,1.09454066688702,0.06599503543970675
2018-11-16,0.0,0.0,0.0,10711.192657194539,0.0,0.0,98742.87403150735,592.6679999999998,109454.06668870189,0.0,1.09454066688702,0.06599503543970675
2018-11-19,0.0,0.0,0.0,10601.220842183122,16028.685004019728,0.0,82461.65636204192,596.7959999999998,109091.56220824477,-0.00331193249756645,1.0909156220824487,0.0696200802442779
2018-11-20,0.0,0.0,0.0,10271.310849574382,15747.589955104235,0.0,82461.65636204192,596.7959999999998,108480.55716672054,-0.0056008460155505535,1.0848055716672065,0.07573013065952017
2018-11-21,0.0,0.0,0.0,0.0,15793.352451513769,0.0,92726.5192116163,603.2439999999998,108519.87166313006,0.00036241053177032967,1.0851987166313017,0.07533698569542491
2018-11-22,0.0,0.0,0.0,15038.21603584097,0.0,0.0,93220.7050708619,613.0359999999998,108258.92110670288,-0.0024046338465754102,1.0825892110670299,0.07794649125969677
2018-11-23,0.0,0.0,0.0,0.0,0.0,0.0,108253.25710670288,618.6999999999998,108253.25710670288,-5.231901391689053e-05,1.0825325710670297,0.07800313125969693
2018-11-26,0.0,0.0,0.0,0.0,0.0,0.0,108253.25710670288,618.6999999999998,108253.25710670288,0.0,1.0825325710670297,0.07800313125969693
2018-11-27,0.0,0.0,0.0,0.0,0.0,0.0,108253.25710670288,618.6999999999998,108253.25710670288,0.0,1.0825325710670297,0.07800313125969693
2018-11-28,0.0,0.0,0.0,0.0,0.0,0.0,108253.25710670288,618.6999999999998,108253.25710670288,0.0,1.0825325710670297,0.07800313125969693
2018-11-29,0.0,0.0,0.0,0.0,0.0,0.0,108253.25710670288,618.6999999999998,108253.25710670288,0.0,1.0825325710670297,0.07800313125969693
2018-11-30,0.0,0.0,0.0,0.0,18010.80366279568,0.0,90392.97621755213,623.1479999999998,108403.7798803478,0.0013904687735775134,1.084037798803479,0.07649790352324759
2018-12-03,0.0,0.0,0.0,0.0,18384.113590314442,0.0,90392.97621755213,623.1479999999998,108777.08980786658,0.003443698438659659,1.0877708980786667,0.07276480424805998
2018-12-04,0.0,0.0,0.0,0.0,18348.889628675402,0.0,90392.97621755213,623.1479999999998,108741.86584622753,-0.0003238178342632736,1.0874186584622763,0.07311704386445039
2018-12-05,0.0,0.0,0.0,0.0,18982.825416456508,0.0,90392.97621755213,623.1479999999998,109375.80163400865,0.005829730645578346,1.0937580163400875,0.06677768598663913
2018-12-06,0.0,0.0,0.0,0.0,18799.698099663954,0.0,90392.97621755213,623.1479999999998,109192.6743172161,-0.0016742946251067092,1.091926743172162,0.06860895915456466
2018-12-07,0.0,0.0,0.0,0.0,18510.897137456916,0.0,90392.97621755213,623.1479999999998,108903.87335500904,-0.0026448748875593786,1.0890387335500915,0.07149696877663514
2018-12-10,0.0,0.0,0.0,0.0,18630.644131039124,0.0,90392.97621755213,623.1479999999998,109023.62034859126,0.0010995659740389296,1.0902362034859137,0.07029949884081299
2018-12-11,0.0,0.0,0.0,0.0,18320.723365919286,0.0,90392.97621755213,623.1479999999998,108713.69958347142,-0.002842693758736914,1.0871369958347152,0.07339870649201141
2018-12-12,0.0,0.0,0.0,0.0,18524.999431449287,0.0,90392.97621755213,623.1479999999998,108917.97564900143,0.0018790278162981178,1.0891797564900154,0.07135594583671123
2018-12-13,0.0,0.0,0.0,0.0,17989.6825228787,0.0,90392.97621755213,623.1479999999998,108382.65874043084,-0.0049148628165446295,1.0838265874043096,0.07670911492241705
2018-12-14,0.0,0.0,0.0,14464.776238343176,0.0,0.0,93473.26529343514,633.1959999999998,107938.04153177832,-0.004102291029022931,1.0793804153177844,0.08115528700894226
2018-12-17,0.0,0.0,0.0,14061.252375622116,0.0,0.0,93473.26529343514,633.1959999999998,107534.51766905726,-0.00373847678718775,1.0753451766905737,0.08519052563615293
2018-12-18,0.0,0.0,0.0,14092.29962086749,0.0,0.0,93473.26529343514,633.1959999999998,107565.56491430262,0.00028871887760661963,1.0756556491430276,0.08488005318369907
2018-12-19,0.0,0.0,0.0,13657.735377458797,0.0,0.0,93473.26529343514,633.1959999999998,107131.00067089393,-0.004039994060877294,1.0713100067089407,0.08922569561778593
2018-12-20,0.0,0.0,0.0,0.0,0.0,0.0,107125.40067089393,638.7959999999998,107125.40067089393,-5.227245115735357e-05,1.0712540067089407,0.08928169561778598
2018-12-21,0.0,0.0,0.0,0.0,0.0,0.0,107125.40067089393,638.7959999999998,107125.40067089393,0.0,1.0712540067089407,0.08928169561778598
2018-12-24,0.0,0.0,0.0,0.0,0.0,0.0,107125.40067089393,638.7959999999998,107125.40067089393,0.0,1.0712540067089407,0.08928169561778598
2018-12-25,0.0,0.0,0.0,0.0,0.0,0.0,107125.40067089393,638.7959999999998,107125.40067089393,0.0,1.0712540067089407,0.08928169561778598
2018-12-26,0.0,0.0,0.0,0.0,17683.781046851465,0.0,89477.9445906112,643.0679999999999,107161.72563746266,0.0003390882679668028,1.071617256374628,0.08891844595209863
2018-12-27,0.0,0.0,0.0,0.0,17507.89816055948,0.0,89477.9445906112,643.0679999999999,106985.84275117068,-0.0016412845654147912,1.0698584275117082,0.09067727481501842
2018-12-28,0.0,0.0,0.0,0.0,17710.849716036686,0.0,89477.9445906112,643.0679999999999,107188.79430664788,0.0018969945018727508,1.0718879430664803,0.08864775926024637
2019-01-02,0.0,0.0,0.0,0.0,17690.553082262108,0.0,89477.9445906112,643.0679999999999,107168.4976728733,-0.0001893540636020985,1.0716849767287346,0.08885072559799201
2019-01-03,0.0,0.0,0.0,0.0,18062.63848524133,0.0,89477.9445906112,643.0679999999999,107540.58307585253,0.003471966212636346,1.0754058307585268,0.08512987156819984
2019-01-04,0.0,0.0,0.0,0.0,18312.9505293698,0.0,89477.9445906112,643.0679999999999,107790.895119981,0.002327605420847645,1.0779089511998114,0.0826267511269152
2019-01-07,0.0,0.0,0.0,0.0,18786.505117108773,0.0,89477.9445906112,643.0679999999999,108264.44970771996,0.004393270760131074,1.0826444970772011,0.07789120524952553
2019-01-08,0.0,0.0,0.0,0.0,18502.378013717618,0.0,89477.9445906112,643.0679999999999,107980.32260432882,-0.00262438043289559,1.0798032260432897,0.08073247628343694
2019-01-09,0.0,0.0,0.0,0.0,18644.439272106945,0.0,89477.9445906112,643.0679999999999,108122.38386271814,0.0013156217259127079,1.0812238386271829,0.0793118636995438
2019-01-10,0.0,0.0,0.0,0.0,18854.1519250396,0.0,89477.9445906112,643.0679999999999,108332.0965156508,0.001939585915890829,1.0833209651565097,0.07721473717021698
2019-01-11,0.0,0.0,0.0,0.0,18813.558935944988,0.0,89477.9445906112,643.0679999999999,108291.50352655619,-0.00037470879268686197,1.0829150352655634,0.07762066706116322
2019-01-14,0.0,0.0,0.0,0.0,18996.21977965408,0.0,89477.9445906112,643.0679999999999,108474.16437026527,0.0016867513864029515,1.0847416437026542,0.0757940586240724
2019-01-15,0.0,0.0,0.0,0.0,18752.669245859135,0.0,89477.9445906112,643.0679999999999,108230.61383647032,-0.002245240009073557,1.0823061383647048,0.07822956396202185
2019-01-16,0.0,0.0,0.0,0.0,18698.549042415587,0.0,89477.9445906112,643.0679999999999,108176.49363302678,-0.0005000452415923062,1.0817649363302695,0.07877076599645716
2019-01-17,0.0,0.0,0.0,0.0,18705.31791716894,0.0,89477.9445906112,643.0679999999999,108183.26250778013,6.257251021946075e-05,1.081832625077803,0.07870307724892367
2019-01-18,14866.302483035479,0.0,0.0,0.0,19023.270911124982,0.0,74725.17462402974,647.7999999999998,108614.7480181902,0.003988468275109014,1.0861474801819038,0.07438822214482288
2019-01-21,15060.857783630963,0.0,0.0,0.0,18610.59909524995,0.0,74725.17462402974,647.7999999999998,108396.63150291066,-0.002008166655627752,1.0839663150291083,0.07656938729761831
2019-01-22,14843.4091189509,0.0,0.0,0.0,0.0,0.0,93331.50171927968,652.0719999999999,108174.91083823059,-0.0020454571475694294,1.0817491083823076,0.078786593944419
2019-01-23,14950.22229097087,0.0,0.0,0.0,0.0,0.0,93331.50171927968,652.0719999999999,108281.72401025055,0.0009874116945627343,1.0828172401025071,0.07771846222421952
2019-01-24,15022.700968637497,0.0,0.0,0.0,0.0,0.0,93331.50171927968,652.0719999999999,108354.20268791718,0.000669352823194469,1.0835420268791733,0.07699367544755331
2019-01-25,15221.075734928354,0.0,0.0,0.0,0.0,0.0,93331.50171927968,652.0719999999999,108552.57745420803,0.0018307990033594734,1.0855257745420819,0.07500992778464477
2019-01-28,15369.846529161541,0.0,0.0,0.0,0.0,0.0,93331.50171927968,652.0719999999999,108701.34824844122,0.001370495272633665,1.0870134824844138,0.07352221984231289
2019-01-29,15678.841923783804,0.0,0.0,0.0,0.0,0.0,93331.50171927968,652.0719999999999,109010.34364306349,0.002842608666785207,1.0901034364306363,0.07043226589609031
2019-01-30,15526.25543418154,0.0,0.0,0.0,15416.880335247997,0.0,77930.97866905246,657.7139999999999,108874.114438482,-0.001249690625942268,1.0887411443848216,0.07179455794190504
2019-01-31,15926.817298127988,0.0,0.0,0.0,15317.91938037604,0.0,77930.97866905246,657.7139999999999,109175.7153475565,0.002770180135379219,1.0917571534755666,0.06877854885116008
2019-02-01,16006.929189137574,0.0,0.0,0.0,15477.363603206375,0.0,77930.97866905246,657.7139999999999,109415.27146139642,0.0021942252732423118,1.0941527146139658,0.06638298771276085
2019-02-11,16430.37649390702,0.0,0.0,0.0,16494.520461845495,13089.382212491437,65078.94906452239,660.236,111093.22823276636,0.015335672515896848,1.110932282327665,0.04960341999906159
2019-02-12,16487.603495235297,0.0,0.0,0.0,16758.432789235023,13064.983604047353,65078.94906452239,660.236,111389.96895304006,0.0026710963844887026,1.1138996895304023,0.046636012796324344
2019-02-13,16598.235314688325,0.0,0.0,10810.009013073835,16802.423675306767,13217.451962706586,54355.32230653918,664.316,111783.4422723147,0.0035323945501817278,1.1178344227231487,0.042701279603577946
2019-02-14,16918.680845673698,0.0,0.0,10832.623551929188,16620.9911044608,13233.709428620714,54355.32230653918,664.316,111961.32723722358,0.0015913355439129973,1.1196132723722376,0.040922429954489026
2019-02-15,16308.305596804328,0.0,0.0,10674.315591341294,17291.764442463525,12857.63387407817,54355.32230653918,664.316,111487.34181122649,-0.004233474519222291,1.1148734181122666,0.04566228421446006
2019-02-18,16819.48943573616,0.0,0.0,10990.926466096067,17759.108960049984,13272.331139418815,54355.32230653918,664.316,113197.17830784021,0.015336597579919564,1.1319717830784037,0.02856391924832291
2019-02-19,17021.676518243145,0.0,0.0,10968.307139428842,17495.190841794683,13351.606773314565,54355.32230653918,664.316,113192.1035793204,-4.4830874723733594e-05,1.1319210357932057,0.02861466653352096
2019-02-20,17162.820259932414,0.0,0.0,10855.23486112847,18132.978023932308,13392.262415939307,54355.32230653918,664.316,113898.61786747168,0.00624172769840059,1.1389861786747184,0.02154952365200824
2019-02-21,17105.599417185804,0.0,0.0,10651.699207482312,18363.901499067084,13292.65076808955,54355.32230653918,664.316,113769.17319836392,-0.0011364902536251664,1.1376917319836408,0.02284397034308583
2019-02-22,17151.374001226188,0.0,0.0,11307.534979386206,18198.95693580246,13623.996673785718,54355.32230653918,664.316,114637.18489673975,0.007629586064253013,1.146371848967399,0.014163853359327572
2019-02-25,17816.401376749734,9385.519177012646,9321.572614409417,12076.447357984469,17748.114175631825,14839.625024997593,36435.74675572473,672.441,117623.4264825104,0.026049502074396935,1.1762342648251056,0.0
2019-02-26,17371.757447590193,9791.29271311161,9268.197289619307,12008.60187672731,18561.84746247037,14231.808823598716,36435.74675572473,672.441,117669.25236884224,0.000389598294338489,1.176692523688424,0.0
2019-02-27,17224.827123098476,9600.577913645624,9219.669008610863,11895.528881456046,17874.576498324943,14225.703377613392,36435.74675572473,672.441,116476.62955847406,-0.010135381897641516,1.1647662955847422,0.011926228103681824
2019-02-28,17321.492852913303,9888.672055678302,9006.159913709453,12076.44798021411,17467.71538807007,14231.806204362389,36435.74675572473,672.441,116428.04115067233,-0.0004171515606685716,1.164280411506725,0.012412112181699131
2019-03-01,17681.069723046927,9852.153189776682,9074.093377938563,12800.12912542844,18143.99545703459,14715.616456279688,36435.74675572473,672.441,118702.80408522963,0.01953793014187588,1.1870280408522977,0.0
2019-03-04,18036.77748373519,10002.29015223569,9714.61548130049,13275.039516240087,0.0,14754.244949477423,54574.100212759324,678.0830000000001,120357.0677957482,0.013936180558386857,1.2035706779574835,0.0
2019-03-05,18203.04049858026,10367.483767983966,10631.733470428144,13659.497935669915,9510.964817058593,14650.566870217443,45604.08358710513,680.618,122627.37094704344,0.018863064653154016,1.226273709470436,0.0
2019-03-06,18210.77679079215,10477.04733644402,10971.406723074853,0.0,0.0,14668.865428238345,68767.93133983364,687.2330000000001,123096.02761838301,0.0038217949852481503,1.2309602761838316,0.0
2019-03-07,17684.94061095803,10209.23305242984,10612.323552435335,11358.710164418237,11069.456149814263,14288.721780665548,46109.39000472922,695.7090000000001,121332.77531545048,-0.014324201495753308,1.2133277531545064,0.017632523029325275
2019-03-08,17209.374872988756,9981.995943148857,10000.91575560888,0.0,0.0,13965.496605265113,68529.08031896171,704.1850000000001,119686.86349597332,-0.013565269690716142,1.1968686349597348,0.0340916412240968
2019-03-11,17541.894414284645,10278.211672761798,10379.410413295653,12431.637712430236,11743.80640488379,13983.791405818009,45942.86382206272,712.895,122301.61584553684,0.0218466110079949,1.22301615845537,0.007944117728461597
2019-03-12,17321.515594757988,10136.187343867574,0.0,0.0,0.0,0.0,94467.1967584904,727.208,121924.89969711596,-0.0030802221689094633,1.2192489969711613,0.011711279212670345
2019-03-13,0.0,9811.56580799287,15327.548927806647,15046.25200025214,14003.999363682673,0.0,65073.110307605595,744.641,119262.47640733993,-0.021836583801914,1.192624764073401,0.038335512110430736
2019-03-14,0.0,0.0,15372.014147246213,0.0,0.0,0.0,103921.88847953327,757.68,119293.90262677948,0.000263504669584691,1.1929390262677966,0.03802124991603506
2019-03-15,0.0,0.0,0.0,17127.594117845158,17659.03477380612,0.0,85030.89298338414,772.105,119817.52187503543,0.004389321136505364,1.198175218750356,0.032785057433475595
2019-03-18,0.0,0.0,0.0,0.0,0.0,14224.53323393008,105799.02469402403,784.177,120023.55792795411,0.0017195819918023325,1.200235579279543,0.030724696904288695
2019-03-19,17200.24574052148,0.0,0.0,17281.828394734504,17376.144276082672,14290.919130532833,53462.20929760342,798.145,119611.3468394749,-0.0034344181725277645,1.196113468394751,0.03484680778908067
2019-03-20,16981.64781740519,0.0,0.0,0.0,0.0,14518.516308605702,88110.6729684206,807.654,119610.83709443148,-4.261677983730117e-06,1.1961083709443168,0.03485190523951487
2019-03-21,16857.766696577222,14768.748315916397,14481.21590581967,14768.985134156605,0.0,14376.263885813984,44512.89124583028,820.4700000000001,119765.87118411416,0.0012961542068323784,1.1976587118411437,0.03330156434268794
2019-03-22,16817.695785139458,15307.438410739447,15389.303992841811,0.0,0.0,14171.430877968905,59277.50837998689,824.8380000000002,120963.3774466765,0.009998727105833272,1.2096337744667671,0.021326501717064517
2019-03-25,16391.41765007353,0.0,15843.350017846615,0.0,0.0,13710.561774386479,74580.86679072633,828.9180000000002,120526.19623303297,-0.0036141617642599932,1.2052619623303318,0.025698313853499855
2019-03-26,16322.196693337268,11964.702097653706,16207.953031807318,0.0,0.0,13786.422312684159,62276.86720479198,834.5990000000003,120558.14134027442,0.0002650470042186992,1.2055814134027463,0.025378862781085365
2019-03-27,0.0,0.0,0.0,0.0,0.0,14076.598929521535,106757.21102759028,849.1070000000003,120833.80995711182,0.0022866030760986256,1.2083380995711204,0.022622176612711264
2019-03-28,0.0,17264.823577478604,17093.281561816268,0.0,0.0,0.0,85620.96839625257,861.1780000000002,119979.07353554745,-0.007073652828357813,1.1997907353554766,0.03116954082835499
2019-03-29,0.0,17999.637771151967,0.0,0.0,0.0,0.0,102709.59595806885,865.8320000000002,120709.23372922081,0.006085729553971131,1.2070923372922102,0.02386793889162142
2019-04-01,0.0,0.0,17721.436385613633,0.0,0.0,0.0,103789.45779378896,875.0820000000002,121510.89417940259,0.0066412520849903345,1.215108941794028,0.015851334389803684
2019-04-02,0.0,0.0,0.0,0.0,16488.553898027407,17126.776350707245,87346.09885688045,886.0410000000003,120961.4291056151,-0.0045219408308875275,1.209614291056153,0.021345985127678713
2019-04-03,14392.03991930713,0.0,14356.399353465813,0.0,0.0,17321.987347552607,75053.34393418719,897.2860000000003,121123.77055451274,0.0013420926827500956,1.2112377055451293,0.019722570638702308
2019-04-04,14392.03991930713,0.0,0.0,0.0,12790.470293963355,17395.727047691136,77030.10549301284,903.7990000000003,121608.34275397447,0.004000636681332992,1.2160834275397467,0.014876848644084895
2019-04-08,14392.03991930713,12575.092973392218,12006.469347106004,0.0,0.0,17480.32246832406,64418.24317704562,915.7200000000003,120872.16788517503,-0.00605365431456284,1.2087216788517523,0.022238597332079335
2019-04-09,14392.03991930713,13099.8390280789,0.0,0.0,10328.04628515029,17590.93794890361,65802.97570714222,921.3750000000002,121213.83888858216,0.0028267136213830923,1.2121383888858235,0.018821887298008155
2019-04-10,14392.03991930713,13024.881749160233,10854.781587710242,0.0,0.0,17792.65323436369,65305.91653098046,926.7440000000003,121370.27302152176,0.0012905633083974966,1.2137027302152197,0.017257545968611954
2019-04-11,14392.03991930713,13076.42120624166,0.0,0.0,10820.853203003815,17506.33385851631,65385.386350178094,932.2300000000002,121181.03453724702,-0.0015591831472702156,1.2118103453724722,0.019149930811359406
2019-04-12,14392.03991930713,12842.15712033184,0.0,0.0,0.0,17447.77517175957,76203.48355318191,934.9860000000002,120885.45576458046,-0.0024391504313796553,1.2088545576458067,0.0221057185380249
2019-04-15,14392.03991930713,12729.711192586215,0.0,0.0,0.0,17712.405577789646,76203.48355318191,934.9860000000002,121037.6402428649,0.0012589147083237329,1.2103764024286512,0.02058387375518045
2019-04-16,0.0,12584.885268348162,0.0,0.0,0.0,18439.03930421289,90591.79247248905,938.7170000000002,121615.7170450501,0.004776008529456366,1.2161571704505032,0.014803105733328437
2019-04-17,14943.651205412978,12541.442244401826,0.0,0.0,0.0,18324.07189415112,75644.26726707607,942.5910000000002,121453.43261104198,-0.001334403463230105,1.214534326110422,0.016425950073409634
2019-04-18,0.0,0.0,0.0,12295.06908442504,0.0,18285.023296944684,90632.55551835848,958.3470000000002,121212.6478997282,-0.001982527015806146,1.212126478997284,0.01883379718654754
2019-04-19,14943.651205412978,0.0,0.0,12563.704048850643,0.0,18870.656023099225,75685.0303129455,962.2210000000002,122063.04159030835,0.007015717462781845,1.2206304159030856,0.010329860280746006
2019-04-22,0.0,0.0,0.0,12770.33928934209,0.0,18428.176880669595,90624.80751835847,966.0950000000003,121823.32368837015,-0.001963886028195083,1.2182332368837037,0.012727039300127974
2019-04-23,14943.651205412978,0.0,0.0,12274.40316304049,0.0,18666.766486743625,75677.28231294549,969.9690000000003,121562.10316814258,-0.002144257046341802,1.215621031681428,0.015339244502403648
2019-04-24,0.0,0.0,0.0,12625.69658156671,12847.574515297945,18443.36262543028,78138.8333353197,976.9760000000003,122055.46705761463,0.00405853367631881,1.2205546705761485,0.01040560560768311
2019-04-25,12887.645502654816,0.0,0.0,12047.098784323252,12936.119998857379,18089.80336390078,65247.84683266488,980.3170000000003,121208.51448240112,-0.006939079384405744,1.2120851448240135,0.01887513135981811
2019-04-26,0.0,0.0,0.0,12295.064218600979,12432.348677741877,18026.905117604496,78132.1513353197,983.6580000000004,120886.46934926703,-0.002656951407327468,1.2088646934926726,0.022095582691159077
2019-04-29,0.0,0.0,0.0,12026.429360488766,12090.396927360587,18747.025896337444,78132.1513353197,983.6580000000004,120996.0035195065,0.0009060912344374117,1.2099600351950672,0.021000240988764407
2019-04-30,0.0,0.0,0.0,0.0,12581.956195236284,0.0,108896.8575921459,992.4070000000004,121478.81378738218,0.003990299297760291,1.2147881378738241,0.016172138310007522
2019-05-06,0.0,0.0,0.0,0.0,11525.575153084246,0.0,108896.8575921459,992.4070000000004,120422.43274523015,-0.008696010515882757,1.2042243274523037,0.02673594873152796
2019-05-07,0.0,0.0,0.0,0.0,0.0,0.0,120419.29974523015,995.5400000000004,120419.29974523015,-2.6016747283530428e-05,1.2041929974523036,0.026767278731528066
2019-05-08,0.0,0.0,0.0,0.0,0.0,0.0,120419.29974523015,995.5400000000004,120419.29974523015,0.0,1.2041929974523036,0.026767278731528066
2019-05-09,0.0,0.0,0.0,0.0,0.0,0.0,120419.29974523015,995.5400000000004,120419.29974523015,0.0,1.2041929974523036,0.026767278731528066
2019-05-10,0.0,0.0,0.0,0.0,0.0,0.0,120419.29974523015,995.5400000000004,120419.29974523015,0.0,1.2041929974523036,0.026767278731528066
2019-05-13,0.0,0.0,0.0,0.0,0.0,0.0,120419.29974523015,995.5400000000004,120419.29974523015,0.0,1.2041929974523036,0.026767278731528066
2019-05-14,0.0,0.0,0.0,0.0,0.0,0.0,120419.29974523015,995.5400000000004,120419.29974523015,0.0,1.2041929974523036,0.026767278731528066
2019-05-15,0.0,0.0,0.0,0.0,0.0,0.0,120419.29974523015,995.5400000000004,120419.29974523015,0.0,1.2041929974523036,0.026767278731528066
2019-05-16,19858.006299810535,0.0,0.0,0.0,0.0,0.0,100556.14544541962,1000.6880000000004,120414.15174523016,-4.275062229130988e-05,1.2041415174523036,0.02681875873152806
2019-05-17,19858.006299810535,0.0,0.0,0.0,0.0,0.0,100556.14544541962,1000.6880000000004,120414.15174523016,0.0,1.2041415174523036,0.02681875873152806
2019-05-20,19858.006299810535,0.0,0.0,0.0,0.0,0.0,100556.14544541962,1000.6880000000004,120414.15174523016,0.0,1.2041415174523036,0.02681875873152806
2019-05-21,19858.006299810535,0.0,0.0,0.0,0.0,16634.170576590426,83989.53398412018,1003.3270000000005,120481.71086052115,0.0005610562738000979,1.2048171086052133,0.026143167578618343
2019-05-22,19858.006299810535,0.0,0.0,0.0,0.0,16515.05328109146,83989.53398412018,1003.3270000000005,120362.59356502217,-0.0009886753321164399,1.2036259356502235,0.02733434053360817
2019-05-23,19858.006299810535,0.0,0.0,0.0,0.0,0.0,100501.94826521164,1005.9660000000005,120359.95456502217,-2.192541654211233e-05,1.2035995456502235,0.027360730533608102
2019-05-24,0.0,0.0,0.0,0.0,0.0,0.0,120354.80656502218,1011.1140000000005,120354.80656502218,-4.277170109101558e-05,1.2035480656502238,0.027412210533607873
2019-05-27,0.0,0.0,0.0,0.0,0.0,0.0,120354.80656502218,1011.1140000000005,120354.80656502218,0.0,1.2035480656502238,0.027412210533607873
2019-05-28,0.0,0.0,0.0,0.0,0.0,0.0,120354.80656502218,1011.1140000000005,120354.80656502218,0.0,1.2035480656502238,0.027412210533607873
2019-05-29,0.0,0.0,0.0,0.0,0.0,0.0,120354.80656502218,1011.1140000000005,120354.80656502218,0.0,1.2035480656502238,0.027412210533607873
2019-05-30,0.0,0.0,0.0,0.0,0.0,0.0,120354.80656502218,1011.1140000000005,120354.80656502218,0.0,1.2035480656502238,0.027412210533607873
2019-05-31,0.0,0.0,0.0,0.0,0.0,0.0,120354.80656502218,1011.1140000000005,120354.80656502218,0.0,1.2035480656502238,0.027412210533607873
2019-06-03,0.0,0.0,0.0,0.0,0.0,0.0,120354.80656502218,1011.1140000000005,120354.80656502218,0.0,1.2035480656502238,0.027412210533607873
2019-06-04,0.0,0.0,0.0,0.0,0.0,0.0,120354.80656502218,1011.1140000000005,120354.80656502218,0.0,1.2035480656502238,0.027412210533607873
2019-06-05,0.0,0.0,0.0,0.0,0.0,0.0,120354.80656502218,1011.1140000000005,120354.80656502218,0.0,1.2035480656502238,0.027412210533607873
2019-06-06,0.0,0.0,0.0,0.0,0.0,0.0,120354.80656502218,1011.1140000000005,120354.80656502218,0.0,1.2035480656502238,0.027412210533607873
2019-06-10,0.0,0.0,0.0,0.0,0.0,0.0,120354.80656502218,1011.1140000000005,120354.80656502218,0.0,1.2035480656502238,0.027412210533607873
2019-06-11,0.0,0.0,0.0,0.0,0.0,0.0,120354.80656502218,1011.1140000000005,120354.80656502218,0.0,1.2035480656502238,0.027412210533607873
2019-06-12,0.0,0.0,0.0,0.0,0.0,0.0,120354.80656502218,1011.1140000000005,120354.80656502218,0.0,1.2035480656502238,0.027412210533607873
2019-06-13,19858.006299810535,0.0,0.0,0.0,0.0,0.0,100491.65226521165,1016.2620000000005,120349.6585650222,-4.277353058768085e-05,1.203496585650224,0.027463690533607643
2019-06-14,19858.006299810535,0.0,0.0,0.0,0.0,0.0,100491.65226521165,1016.2620000000005,120349.6585650222,0.0,1.203496585650224,0.027463690533607643
2019-06-17,19858.006299810535,0.0,0.0,0.0,15877.283317627836,0.0,83913.5262199078,1020.5390000000006,119648.81583734618,-0.005823387752258324,1.1964881583734637,0.034472117810367964
2019-06-18,0.0,0.0,0.0,0.0,16316.321955926882,0.0,103766.38451971833,1025.6870000000006,120082.7064756452,0.0036263680109367424,1.2008270647564538,0.030133211427377793
2019-06-19,0.0,0.0,0.0,0.0,16071.479228656244,0.0,103766.38451971833,1025.6870000000006,119837.86374837457,-0.002038950773651127,1.1983786374837475,0.032581638700084126
2019-06-20,0.0,0.0,0.0,0.0,16058.814903024062,18060.92075457623,86715.19957392092,1028.1830000000007,120834.93523152122,0.008320170703645102,1.208349352315214,0.022610923868617627
2019-06-21,0.0,0.0,0.0,0.0,15746.422776715533,17952.75390017707,86715.19957392092,1028.1830000000007,120414.37625081354,-0.00348044197567432,1.2041437625081373,0.026816513675694376
2019-06-24,0.0,0.0,0.0,0.0,0.0,18001.72901281676,102457.34535063646,1032.4600000000007,120459.07436345323,0.0003712024596347341,1.204590743634534,0.026369532549297636
2019-06-25,0.0,0.0,0.0,0.0,0.0,17679.28204273918,102457.34535063646,1032.4600000000007,120136.62739337565,-0.002676817597856318,1.2013662739337583,0.02959400225007336
2019-06-26,0.0,0.0,0.0,0.0,0.0,17632.34354891571,102457.34535063646,1032.4600000000007,120089.68889955217,-0.0003907092686210589,1.2008968889955236,0.030063387188308033
2019-06-27,0.0,0.0,0.0,0.0,0.0,17969.068413669353,102457.34535063646,1032.4600000000007,120426.41376430582,0.0028039448502135134,1.20426413764306,0.026696138540771575
2019-06-28,0.0,0.0,0.0,0.0,0.0,18083.351688780287,102457.34535063646,1032.4600000000007,120540.69703941674,0.0009489884447990704,1.2054069703941692,0.025553305789662417
2019-06-28,0.0,0.0,0.0,0.0,0.0,18198.361805520926,102457.34535063646,1032.4600000000007,120655.70715615738,0.0009541185638159977,1.2065570715615754,0.024403204622256203
2019-07-01,0.0,0.0,0.0,0.0,0.0,18861.728490055775,102457.34535063646,1032.4600000000007,121319.07384069223,0.0054980133154935995,1.213190738406924,0.017769537776907596
2019-07-02,16899.363947060985,0.0,0.0,0.0,0.0,18701.535829989734,85553.60040357547,1036.8410000000008,121154.5001806262,-0.0013565357437704817,1.2115450018062637,0.01941527437756796
2019-07-03,16899.363947060985,0.0,0.0,0.0,0.0,18619.379983088587,85553.60040357547,1036.8410000000008,121072.34433372505,-0.000678108091557994,1.2107234433372522,0.0202368328465794
2019-07-04,16899.363947060985,0.0,0.0,0.0,0.0,18463.293720690355,85553.60040357547,1036.8410000000008,120916.25807132683,-0.0012891983157440334,1.20916258071327,0.02179769547056165
2019-07-05,16899.363947060985,0.0,0.0,0.0,0.0,18658.39534543689,85553.60040357547,1036.8410000000008,121111.35969607334,0.0016135268148260717,1.2111135969607352,0.019846679223096464
2019-07-08,16899.363947060985,0.0,0.0,0.0,0.0,18194.2491028238,85553.60040357547,1036.8410000000008,120647.21345346025,-0.003832392302240306,1.2064721345346043,0.024488141649227302
2019-07-09,16899.363947060985,0.0,0.0,0.0,0.0,17976.554912308515,85553.60040357547,1036.8410000000008,120429.51926294496,-0.001804386394711588,1.2042951926294514,0.026665083554380242
2019-07-10,16899.363947060985,0.0,0.0,0.0,0.0,0.0,103527.659315884,1039.337000000001,120427.02326294497,-2.0725815524813562e-05,1.2042702326294514,0.026690043554380205
2019-07-11,0.0,0.0,0.0,0.0,0.0,0.0,120422.64226294498,1043.718000000001,120422.64226294498,-3.637887810636897e-05,1.2042264226294515,0.026733853554380183
2019-07-12,0.0,0.0,0.0,0.0,0.0,0.0,120422.64226294498,1043.718000000001,120422.64226294498,0.0,1.2042264226294515,0.026733853554380183
2019-07-15,0.0,0.0,0.0,0.0,0.0,0.0,120422.64226294498,1043.718000000001,120422.64226294498,0.0,1.2042264226294515,0.026733853554380183
2019-07-16,0.0,0.0,0.0,0.0,0.0,0.0,120422.64226294498,1043.718000000001,120422.64226294498,0.0,1.2042264226294515,0.026733853554380183
2019-07-17,0.0,0.0,0.0,0.0,19913.917537590038,0.0,100548.20120388723,1048.749000000001,120462.11874147727,0.0003278160800199714,1.2046211874147743,0.02633908876905733
2019-07-18,0.0,0.0,0.0,0.0,19681.502206008827,0.0,100548.20120388723,1048.749000000001,120229.70340989606,-0.0019293644675136834,1.202297034098962,0.02866324208486959
2019-07-19,0.0,0.0,0.0,0.0,20200.739597207747,0.0,100548.20120388723,1048.749000000001,120748.94080109498,0.004318711403859199,1.2074894080109513,0.023470868172880355
2019-07-22,0.0,0.0,0.0,0.0,19735.900378336402,0.0,100548.20120388723,1048.749000000001,120284.10158222364,-0.003849633924632556,1.2028410158222378,0.028119260361593845
2019-07-23,0.0,0.0,0.0,0.0,19755.675750515493,0.0,100548.20120388723,1048.749000000001,120303.87695440273,0.00016440553588514817,1.2030387695440288,0.027921506639802862
2019-07-24,0.0,0.0,0.0,0.0,19829.858312958677,0.0,100548.20120388723,1048.749000000001,120378.05951684591,0.0006166265320883824,1.2037805951684606,0.02717968101537105
2019-07-25,0.0,0.0,0.0,0.0,20062.284082244867,16641.19912657882,84008.97257795169,1051.0110000000009,120712.45578677538,0.0027778838707952502,1.2071245578677554,0.023835718316076226
2019-07-26,0.0,0.0,0.0,0.0,19508.424605586333,16769.61926023863,84008.97257795169,1051.0110000000009,120287.01644377665,-0.0035244030139707228,1.2028701644377682,0.028090111746063462
2019-07-29,0.0,0.0,0.0,0.0,0.0,16648.643226895267,103512.36618353802,1056.0420000000008,120161.00941043328,-0.0010475530698881297,1.2016100941043346,0.029350182079497023
2019-07-30,17049.803388726217,0.0,0.0,0.0,0.0,16747.28643801462,86458.1427948118,1060.462000000001,120255.23262155264,0.0007841413082467774,1.2025523262155282,0.028407949968303425
2019-07-31,17049.803388726217,0.0,0.0,0.0,14272.70332184887,16395.50968638412,72238.2758839601,1064.0500000000009,119956.2922809193,-0.002485882186716304,1.1995629228091949,0.03139735337463678
2019-08-01,17049.803388726217,0.0,0.0,0.0,14805.246428193695,16287.561650608968,72238.2758839601,1064.0500000000009,120380.88735148899,0.0035395814800223135,1.2038088735148917,0.027151402668939895
2019-08-01,17049.803388726217,0.0,0.0,0.0,14805.246428193695,16287.561650608968,72238.2758839601,1064.0500000000009,120380.88735148899,0.0,1.2038088735148917,0.027151402668939895
